Gamm-vert,Gamm Vert,Plaine du Pal,46000,FR
Proxi,Proxi,12, avenue Général de Gaulle,56330,FR
Proxi,Prox'in BIO,Centre commercial Lafontaine 1e étage,97233,MQ
Famille-mary,Famille Mary,74 rue Plantagenêt,49000,FR
Famille-mary,Famille Mary,37 rue Carnot,74000,FR
Famille-mary,Famille Mary,23 rue des Trois Conils,33000,FR
Famille-mary,Famille Mary,Les Halles de Cholet,49300,FR
Famille-mary,Famille Mary,sur le Marché et 18 rue de Guérets,44350,FR
Famille-mary,Famille Mary,sous les Halles,44500,FR
Famille-mary,Famille Mary,sous les Halles,44420,FR
Famille-mary,Famille Mary,7 rue de l’Etoile,72000,FR
Famille-mary,Famille Mary,36 rue Lepelletier,59000,FR
Famille-mary,Famille Mary,3 rue de Brest,69002,FR
Famille-mary,Famille Mary,10 rue Saint Michel,06500,FR
Famille-mary,Famille Mary,place du Marché,44420,FR
Famille-mary,Famille Mary,11 rue Henriette,68100,FR
Famille-mary,Famille Mary,4 place Henri Mengin,54000,FR
Famille-mary,Famille Mary,10 rue de Budapest,44000,FR
Famille-mary,Famille Mary,25 avenue Notre Dame,06000,FR
Famille-mary,Famille Mary,7 rue Bannier,45000,FR
Famille-mary,Famille Mary,75 rue Saint Antoine,75004,FR
Famille-mary,Famille Mary,35 rue Cler,75007,FR
Famille-mary,Famille Mary,11 rue Daguerre,75014,FR
Famille-mary,Famille Mary,101 rue Lecourbe,75015,FR
Famille-mary,Famille Mary,44 rue de Lévis,75017,FR
Famille-mary,Famille Mary,212 rue des Pyrénées,75020,FR
Famille-mary,Famille Mary,sur le Marché,44380,FR
Famille-mary,Famille Mary,17 passage Subé,51100,FR
Famille-mary,Famille Mary,7 rue Vasselot,35000,FR
Famille-mary,Famille Mary,8 rue Rollon,76000,FR
Famille-mary,Famille Mary,lieu-dit La Ruche de Beau Rivage,49450,FR
Famille-mary,Famille Mary,14 rue de Pologne,78100,FR
Famille-mary,Famille Mary,24 rue du 22 Novembre,67000,FR
Famille-mary,Famille Mary,37 rue de Lafayette,31000,FR
Famille-mary,Famille Mary,28 rue des Halles,37000,FR
Grand-frais,Magasin Grand Frais,49 route de Bergues,59210,FR
La-vie-claire,La Vie Claire,49 rue d’Italie,13100,FR
La-vie-claire,La Vie Claire,18-19 square Alfred Boucher,73100,FR
La-vie-claire,La Vie Claire,16 boulevard Albert 1er,20000,FR
La-vie-claire,La Vie Claire,51 rue Birmingham,80300,FR
La-vie-claire,La Vie Claire,3 rue Maréchal Jean Marie De Lattre De Tassigny,61000,FR
La-vie-claire,La Vie Claire,117 avenue André Malraux,30100,FR
La-vie-claire,La Vie Claire,2 rue des Frères Salvez,01500,FR
La-vie-claire,La Vie Claire,1 Bis rue des Chaudronniers,80000,FR
La-vie-claire,La Vie Claire,36 avenue Robert Soleau,06600,FR
La-vie-claire,La Vie Claire,38 avenue de la Division,92160,FR
La-vie-claire,La Vie Claire,21 place des Héros,62000,FR
La-vie-claire,La Vie Claire,21 place de l’Hôtel de Ville,07200,FR
La-vie-claire,La Vie Claire,46 avenue Counon,63170,FR
La-vie-claire,La Vie Claire,15 avenue Dumont,93600,FR
La-vie-claire,La Vie Claire,avenue de l’Océan,56400,FR
La-vie-claire,La Vie Claire,2 avenue Georges Pompidou,15000,FR
La-vie-claire,La Vie Claire,4 avenue de Worms zone des Clairions,89000,FR
La-vie-claire,La Vie Claire,9 rue de Paris,89200,FR
La-vie-claire,La Vie Claire,carré de Bournan,49400,FR
La-vie-claire,La Vie Claire,ZAC Houelbourg Sud 2 ZI Jarry,97122,GP
La-vie-claire,La Vie Claire,28 rue Thiers,10200,FR
La-vie-claire,La Vie Claire,4 rue d’Auray,56150,FR
La-vie-claire,La Vie Claire,44 chemin de Sabalce,64100,FR
La-vie-claire,La Vie Claire,32-34 place Madeleine,21200,FR
La-vie-claire,La Vie Claire,1 avenue Général De Gaulle,06240,FR
La-vie-claire,La Vie Claire,138 avenue Jean Jaurès,90000,FR
La-vie-claire,La Vie Claire,22 rue de la République,01300,FR
La-vie-claire,La Vie Claire,45 rue Michel Hubert,27300,FR
La-vie-claire,La Vie Claire,559 boulevard Raymond Poincaré,62400,FR
La-vie-claire,La Vie Claire,rue du Prè Caillat ZAC des Batterses,01700,FR
La-vie-claire,La Vie Claire,7 place Jean Jaurès,34500,FR
La-vie-claire,La Vie Claire,3 avenue Victor Hugo,64200,FR
La-vie-claire,La Vie Claire,résidence Le Point Gascon 246 avenue Alphonse Daudet,40600,FR
La-vie-claire,La Vie Claire,163 avenue Louis Barthou,33000,FR
La-vie-claire,La Vie Claire,24 avenue Pierre Lefaucheux,92100,FR
La-vie-claire,La Vie Claire,73-79 avenue du Génréal Leclerc,92340,FR
La-vie-claire,La Vie Claire,2 place du Champs de Mars,38300,FR
La-vie-claire,La Vie Claire,43 rue Louis Pasteur,29200,FR
La-vie-claire,La Vie Claire,ZAC de la Haie Passart 9 rue Gustav Eiffel,77170,FR
La-vie-claire,La Vie Claire,Gamm Vert ZA Nord,10500,FR
La-vie-claire,La Vie Claire,PA 2000 route de Lyon,69530,FR
La-vie-claire,La Vie Claire,5 cours Martignac,19100,FR
La-vie-claire,La Vie Claire,248 route de Genas,69500,FR
La-vie-claire,La Vie Claire Centre,158 avenue Franklin Roosevelt,69500,FR
La-vie-claire,La Vie Claire,3 rue Basse,14000,FR
La-vie-claire,La Vie Claire,33 place Chapou,46000,FR
La-vie-claire,La Vie Claire,10 rue du Duc de Guise,62100,FR
La-vie-claire,La Vie Claire,4 rue d’Alger,59400,FR
La-vie-claire,La Vie Claire,route Américaine ZI de la Pommenauque,50500,FR
La-vie-claire,La Vie Claire,5 rue Arago,81400,FR
La-vie-claire,La Vie Claire,9 Bis rue James Barbier,68700,FR
La-vie-claire,La Vie Claire,rue du Murgelot,25220,FR
La-vie-claire,La Vie Claire,23 place Godart,51000,FR
La-vie-claire,La Vie Claire,385 avenue du Comte Vert,73000,FR
La-vie-claire,La Vie Claire,ZAC Vrillonnerie Sud 5 rue Pal Langevin,37170,FR
La-vie-claire,La Vie Claire,24 avenue du Général De Gaulle,69410,FR
La-vie-claire,La Vie Claire,84 impasse du Pillon,39300,FR
La-vie-claire,La Vie Claire,rue des Catalpa,24650,FR
La-vie-claire,La Vie Claire,145 bis rue de Paris,94220,FR
La-vie-claire,La Vie Claire,17 place de Nevers,08000,FR
La-vie-claire,La Vie Claire,4 place de l’Hôtel de Ville,02400,FR
La-vie-claire,La Vie Claire,1 boulevard Thiers,52000,FR
La-vie-claire,La Vie Claire,route de Paris RD 316 (RN16),95270,FR
La-vie-claire,La Vie Claire,19-21 place du Marché,92370,FR
La-vie-claire,La Vie Claire,12 avenue Gambetta,37500,FR
La-vie-claire,La Vie Claire,313 route de la Vallée,69380,FR
La-vie-claire,La Vie Claire,77 rue Henri Barbusse,92110,FR
La-vie-claire,La Vie Claire,36 rue Jeanne d’Arc,60200,FR
La-vie-claire,La Vie Claire,Gamm Vert ZAC du Val de l’Orne,54800,FR
La-vie-claire,La Vie Claire,35 Bis Route de Toulouse zone village des Commerçants,31700,FR
La-vie-claire,La Vie Claire,rue des Longs Sillons ZI,77120,FR
La-vie-claire,La Vie Claire,2 rue Gambetta,50200,FR
La-vie-claire,La Vie Claire,16 rue de la Poterie,74960,FR
La-vie-claire,La Vie Claire,11 avenue Edouard Millaud,69290,FR
La-vie-claire,La Vie Claire,CC Créon La Sauve RD 671,33670,FR
La-vie-claire,La Vie Claire,134 avenue de la Roque ZA La Nauve,24100,FR
La-vie-claire,La Vie Claire,753 avenue Marguerite Perey,77190,FR
La-vie-claire,La Vie Claire,191 rue des Pins,07430,FR
La-vie-claire,La Vie Claire,191-193 avenue Jean Jaurès,69150,FR
La-vie-claire,La Vie Claire,quartier de la Pierre Pointue,26150,FR
La-vie-claire,La Vie Claire,espace Beau De Rochas ZI Saint Christophe,04000,FR
La-vie-claire,La Vie Claire,6 rue Pasteur,21000,FR
La-vie-claire,La Vie Claire,39 bis rue Levasseur,35800,FR
La-vie-claire,La Vie Claire,53 avenue Georges Pompidou,39100,FR
La-vie-claire,La Vie Claire,121 avenue du Maréchal Juin,83300,FR
La-vie-claire,La Vie Claire,ZA de Génipa,97224,MQ
La-vie-claire,La Vie Claire,6 avenue de Veyssière,69130,FR
La-vie-claire,La Vie Claire,13 rue FrançoisBlaudez,88000,FR
La-vie-claire,La Vie Claire,502 route de Saint Julien,74100,FR
La-vie-claire,La Vie Claire,58 rue Boucicaut,92260,FR
La-vie-claire,La Vie Claire,D46,97200,MQ
La-vie-claire,La Vie Claire,71 avenue du Maréchal Juin,34110,FR
La-vie-claire,La Vie Claire,allée des Fleurs,20600,FR
La-vie-claire,La Vie Claire,330 route de Trévoux,69730,FR
La-vie-claire,La Vie Claire,60 rue Charles Frérot,94250,FR
La-vie-claire,La Vie Claire,3 rue du Commerce,69700,FR
La-vie-claire,La Vie Claire,234 rue des Armateurs,50400,FR
La-vie-claire,La Vie Claire,67 avenue de la Libération,06130,FR
La-vie-claire,La Vie Claire,185 avenue Aristide Briand,27930,FR
La-vie-claire,La Vie Claire,38 cours Berriat,38000,FR
La-vie-claire,La Vie Claire,30 place du Général De Gaulle,59190,FR
La-vie-claire,La Vie Claire,2 rue Lekueder,64700,FR
La-vie-claire,La Vie Claire,258 rue Élie Gruyelle,62110,FR
La-vie-claire,La Vie Claire,6 Rue Salamon,70400,FR
La-vie-claire,La Vie Claire,9 place Michelet,78800,FR
La-vie-claire,La Vie Claire,37 place de la République,63500,FR
La-vie-claire,La Vie Claire,2 rue du Portillon,16200,FR
La-vie-claire,La Vie Claire,10 rue de Paris,94340,FR
La-vie-claire,La Vie Claire,17 place du Marché,17500,FR
La-vie-claire,La Vie Claire,1 rue Draveil,91260,FR
La-vie-claire,La Vie Claire,35 rue des Martinets,69210,FR
La-vie-claire,La Vie Claire,résidence Isola Céleste boulevard Pierre Pasquini,20220,FR
La-vie-claire,La Vie Claire,364 avenue Kennedy,13600,FR
La-vie-claire,La Vie Claire,38 rue de la République,38260,FR
La-vie-claire,La Vie Claire,Gamm Vert rond point Sources de la Vendée,85120,FR
La-vie-claire,La Vie Claire,3 rue Joseph Mancier,38110,FR
La-vie-claire,La Vie Claire,5 rue Marie de Lorraine,37700,FR
La-vie-claire,La Vie Claire,ZC du Lion Saint Marc,22300,FR
La-vie-claire,La Vie Claire,30 boulevard de Lyon,02000,FR
La-vie-claire,La Vie Claire,3 rue Louis Lumière,34970,FR
La-vie-claire,La Vie Claire,75 avenue de Cocagne ZA du Rouch,81500,FR
La-vie-claire,La Vie Claire,63 avenue Léon Blum,09300,FR
La-vie-claire,La Vie Claire,1 allée Gaspard Monge route de Poitiers,36300,FR
La-vie-claire,La Vie Claire,30 boulevard Charles De Gaulle,42120,FR
La-vie-claire,La Vie Claire,17 rue de la Galère,72000,FR
La-vie-claire,La Vie Claire,8 Bis avenue Charles De Gaulle,78230,FR
La-vie-claire,La Vie Claire,74 avenue Georges Clémenceau,94170,FR
La-vie-claire,La Vie Claire,espace commercial La Baronnie,73330,FR
La-vie-claire,La Vie Claire,38 rue Charles De Gaulle,88160,FR
La-vie-claire,La Vie Claire,314 route de Béthune,62300,FR
La-vie-claire,La Vie Claire,2 rue Marcel Cerdan,92300,FR
La-vie-claire,La Vie Claire - Levallois,2, rue Marcel Cerdan,92300,FR
La-vie-claire,La Vie Claire,1 place du Poids Public,87000,FR
La-vie-claire,La Vie Claire,38 boulevard de Chanzy,93190,FR
La-vie-claire,La Vie Claire,5 allée André Maroselli,70300,FR
La-vie-claire,La Vie Claire Gentil,12 rue Gentil,69002,FR
La-vie-claire,La Vie Claire Saxe,123 avenue de Saxe,69003,FR
La-vie-claire,La Vie Claire Rockfeller,16 avenue Rockefeller,69003,FR
La-vie-claire,La Vie Claire André Philip,183 rue André Philip,69003,FR
La-vie-claire,La Vie Claire Croix Rousse,place du Théâtre – place Joannes Ambre,69004,FR
La-vie-claire,La Vie Claire Point Du Jour,87 avenue du Point du Jour,69005,FR
La-vie-claire,La Vie Claire Vendôme,125 rue Vendôme,69006,FR
La-vie-claire,La Vie Claire Lafayette,245 cours Lafayette,69006,FR
La-vie-claire,La Vie Claire Vitton,3 cours Vitton,69006,FR
La-vie-claire,La Vie Claire Gerland,8 rue Clément Marot,69007,FR
La-vie-claire,La Vie Claire Vaise,24 rue Sergent Michel Berthet,69009,FR
La-vie-claire,La Vie Claire,22 rue de l’Artisanat,42300,FR
La-vie-claire,La Vie Claire,94 route de Lyon,71000,FR
La-vie-claire,La Vie Claire,34 rue de Paris,78600,FR
La-vie-claire,La Vie Claire,2 allée des Châtaigniers,19360,FR
La-vie-claire,La Vie Claire,Gamm Vert 44 route du Luxembourg,57100,FR
La-vie-claire,La Vie Claire,ZAC de la Fontaine,57155,FR
La-vie-claire,La Vie Claire,8 place de l’Union Européenne,91300,FR
La-vie-claire,La Vie Claire,5 avenue des Provinces Françaises,59600,FR
La-vie-claire,La Vie Claire,village des loisirs 3 avenue Louis Pasteur,78310,FR
La-vie-claire,La Vie Claire,ZAC la Molière Basse,81200,FR
La-vie-claire,La Vie Claire,19 rue Ampère,77100,FR
La-vie-claire,La Vie Claire,487 rue Auguste Biblocq,62155,FR
La-vie-claire,La Vie Claire,4 boulevard de Trèves,57000,FR
La-vie-claire,La Vie Claire,21 avenue Grésivaudan,38240,FR
La-vie-claire,La Vie Claire,espace Emacitas 38 rue Olympe de Gouges,89400,FR
La-vie-claire,La Vie Claire,ZA les Molletons,43120,FR
La-vie-claire,La Vie Claire,240 avenue du Maréchal Juin,40000,FR
La-vie-claire,La Vie Claire,2 avenue Louis Maurice Chautemps,45200,FR
La-vie-claire,La Vie Claire Montauban,1270, avenue de Toulouse,82000,FR
La-vie-claire,La Vie Claire,4 rue Paul Bert,71300,FR
La-vie-claire,La Vie Claire,2 boulevard Vauban,78180,FR
La-vie-claire,La Vie Claire,112 boulevard de Pontoise,95370,FR
La-vie-claire,La Vie Claire,CC Les Portes De La Mer,34000,FR
La-vie-claire,La Vie Claire,6-8 rue Georges Messier,92120,FR
La-vie-claire,La Vie Claire,7 rue de l’Aiguillon,29600,FR
La-vie-claire,La Vie Claire,20 place du Général De Gaulle,61400,FR
La-vie-claire,La Vie Claire,7 rue de la Gare,25500,FR
La-vie-claire,La Vie Claire,151 route des Grandes Alpes,74110,FR
La-vie-claire,La Vie Claire,14 rue Pitre Chevalier,44000,FR
La-vie-claire,La Vie Claire,ZAE Champ le Roi,88300,FR
La-vie-claire,La Vie Claire,150 avenue Achille Peretti,92200,FR
La-vie-claire,La Vie Claire,18 rue Lamartine,06000,FR
La-vie-claire,La Vie Claire,La Maladrerie CC du Volvestre,31410,FR
La-vie-claire,La Vie Claire,complexe La Promenade hôtel Hilton,98800,NC
La-vie-claire,La Vie Claire,26 avenue du 8 Mai 1945,64300,FR
La-vie-claire,La Vie Claire,70 Grande Rue (D486),69600,FR
La-vie-claire,La Vie Claire,25 cours de Verdun,01100,FR
La-vie-claire,La Vie Claire,1 rue Jean Marie Tullou,35740,FR
La-vie-claire,La Vie Claire,boulevard du Champs Bossu,71600,FR
La-vie-claire,La Vie Claire,76-80 rue Saint Honoré,75001,FR
La-vie-claire,La Vie Claire,16 rue du Grenier Saint Lazare,75003,FR
La-vie-claire,La Vie Claire,85 boulevard Haussmann,75008,FR
La-vie-claire,La Vie Claire,73 rue du faubourg Poissonière,75009,FR
La-vie-claire,La Vie Claire,68 rue du Faubourg Saint Martin,75010,FR
La-vie-claire,La Vie Claire,163 avenue Ledru Rollin,75011,FR
La-vie-claire,La Vie Claire,17 rue Frémicourt,75015,FR
La-vie-claire,La Vie Claire,53 rue Custine,75018,FR
La-vie-claire,La Vie Claire,305 rue des Pyrénées,75020,FR
La-vie-claire,La Vie Claire,293 rue des Cardinolins,74190,FR
La-vie-claire,La Vie Claire,15 rue Limogeanne,24000,FR
La-vie-claire,La Vie Claire,948 chemin Fauceille,66000,FR
La-vie-claire,La Vie Claire,1 avenue Paul Langevin,78370,FR
La-vie-claire,La Vie Claire,14 rue de Kervam,56270,FR
La-vie-claire,La Vie Claire,2 rue Brizeux,29780,FR
La-vie-claire,La Vie Claire,20 avenue du Cep,78300,FR
La-vie-claire,La Vie Claire,1 rue du Fort,77340,FR
La-vie-claire,La Vie Claire,98 rue du Port,38530,FR
La-vie-claire,La Vie Claire,PA de Porticcio,20166,FR
La-vie-claire,La Vie Claire,26 route de Bastia,20137,FR
La-vie-claire,La Vie Claire,13 place Guillaume de Cunh,81800,FR
La-vie-claire,La Vie Claire,3 rue Joseph Jacquard,78120,FR
La-vie-claire,La Vie Claire,7 rue Pollain Duparc,35000,FR
La-vie-claire,La Vie Claire,153-231 avenue de l’Hippodrome,69140,FR
La-vie-claire,La Vie Claire,120 rue de l’Île Napoléon,68170,FR
La-vie-claire,La Vie Claire,4 rue de l’Embergue,12000,FR
La-vie-claire,La Vie Claire,1 rue de la Résistance,93230,FR
La-vie-claire,La Vie Claire,6 avenue des Allobroges,26100,FR
La-vie-claire,La Vie Claire,route de Paris,41200,FR
La-vie-claire,La Vie Claire,74 rue aux Ours,76000,FR
La-vie-claire,La Vie Claire,34 rue Gautier,17100,FR
La-vie-claire,La Vie Claire,3 PA de l’Avenir,52200,FR
La-vie-claire,La Vie Claire,route de Marseille,13300,FR
La-vie-claire,La Vie Claire,51 rue de la République,24200,FR
La-vie-claire,La Vie Claire,5 A rue des Ormes,57200,FR
La-vie-claire,La Vie Claire,ZI de Baléone RN 194,20167,FR
La-vie-claire,La Vie Claire,66 avenue Jean Jaurès,78500,FR
La-vie-claire,La Vie Claire,12 rue de la République,08200,FR
La-vie-claire,La Vie Claire,31 rue Célestin Freppaz RN90,73700,FR
La-vie-claire,La Vie Claire,6 place de Toscane,77700,FR
La-vie-claire,La Vie Claire,40-44 Grande Rue,92310,FR
La-vie-claire,La Vie Claire,50 rue République,83140,FR
La-vie-claire,La Vie Claire,34 rue d’Epagnac,16800,FR
La-vie-claire,La Vie Claire,230 route de Libourne,33240,FR
La-vie-claire,La Vie Claire,ZC de la Cocoteraie 12 rue de la Cocoteraie,97440,RE
La-vie-claire,La Vie Claire,132 RN 6,69720,FR
La-vie-claire,La Vie Claire,rue de la Pierre qui Vire ZA Etables,39200,FR
La-vie-claire,La Vie Claire,541 rue Ernest Charlier,88100,FR
La-vie-claire,La Vie Claire,25 cours Victor Hugo,42000,FR
La-vie-claire,La Vie Claire,40 rue des Vautes CC Intermarché,34980,FR
La-vie-claire,La Vie Claire,1 rue Parmentier,95210,FR
La-vie-claire,La Vie Claire,140 avenue de Jalday,64500,FR
La-vie-claire,La Vie Claire,10 rue Gabriel Péri,87200,FR
La-vie-claire,La Vie Claire,28 place du Champ de Mars,50000,FR
La-vie-claire,La Vie Claire,53 rue Ville Pépin,35400,FR
La-vie-claire,La Vie Claire,PA du Chemin d’Aix 66 avenue des 5 ponts,30700,FR
La-vie-claire,La Vie Claire,4 Bis allée des Palmistes Savannah,97460,RE
La-vie-claire,La Vie Claire,26 rue Émile Zola,02100,FR
La-vie-claire,La Vie Claire,12 avenue Albert Schweitzer,13210,FR
La-vie-claire,La Vie Claire,25 rue de Verdun,26240,FR
La-vie-claire,La Vie Claire,11 avenue Jacques Prévert,13730,FR
La-vie-claire,La Vie Claire,20 rue Gabriel De Kerveguen,97490,RE
La-vie-claire,La Vie Claire,10 avenue Charles De Gaulle,24120,FR
La-vie-claire,La Vie Claire,8 avenue d’Evian,74200,FR
La-vie-claire,La Vie Claire,26 route de Crémieu,38230,FR
La-vie-claire,La Vie Claire,60 cours Lafayette,83000,FR
La-vie-claire,La Vie Claire,14 rue de la Bourse,31000,FR
La-vie-claire,La Vie Claire,halles de l’Hôtel de Ville,10000,FR
La-vie-claire,La Vie Claire,214 avenue de la Liberté,06220,FR
La-vie-claire,La Vie Claire,324 route de Chablais CC Les Grands Champs,74140,FR
La-vie-claire,La Vie Claire,ZAC Du Dragon avenue de Metz,55100,FR
La-vie-claire,La Vie Claire,50 boulevard des Alliés,70000,FR
La-vie-claire,La Vie Claire,5 avenue Paul Doumer,03200,FR
La-vie-claire,La Vie Claire,ZAC de la Gère Malissol,38200,FR
La-vie-claire,La Vie Claire,cheùin de l’Ardillat,18100,FR
La-vie-claire,La Vie Claire,1117 avenue Édouard Herriot,69400,FR
La-vie-claire,La Vie Claire,64 route Léognan,33140,FR
La-vie-claire,La Vie Claire,473 route du Bord de Mer,06270,FR
La-vie-claire,La Vie Claire,134 rue Dedieu,69100,FR
La-vie-claire,La Vie Claire,route de grenoble,38500,FR
La-vie-claire,La Vie Claire,17 rue aux Fleurs,78960,FR
La-vie-claire,La vie claire,68 boulevard de la république,92100,FR
La-vie-claire,La Vie Claire Courbevoie,2, avenue château du Loir,92400,FR
La-vie-claire,La vie claire - Paris Pyrénnées,305 Rue des Pyrénées,75020,FR
La-vie-claire,La Vie Claire,1 bis rue de Batère,66400,FR
La-vie-claire,La Vie Claire Morlaix,7 rue d'Aiguillon,29600,FR
La-vie-claire,La Vie Claire Brest,41, rue Louis Pasteur,29200,FR
Super-u,Super U ,54 rue Pottier,78150,FR
Super-u,Super U,Route de la Rochelle,85200,FR
Super-u,Super U,Rue du Pré Renaud,73490,FR
Super-u,Super U - LIngolsheim,Rue d'Eckbolsheim,67380,FR
Le-comptoir-de-mathilde,Le Comptoir De Mathilde,15 ter Rue Saint-Jean,69005,FR
Spar,Parc de loisirs Parfum d’Aventure (propose des goûters bio et ZD),Le Roucan Route de Mialet (D50),30140,FR
Spar,Bio c' Bon Paris Parmentier,52 avenue Parmentier,75011,FR
Spar,Julhès Paris,54 du Faubourg Saint-Denis,75010,FR
Leclerc,Leclerc Bio,carrefour de Fogata,20220,FR
Leclerc,Leclerc Bio & Italien,CC Nice One boulevard des Jardiniers,06000,FR
Leclerc,Bio c' Bon Paris Général Leclerc,101 avenue du Général Leclerc,75014,FR
Leclerc,E.Leclerc Cahors,ROUTE DE LUZECH,46090,FR
Auchan,CC Auchan Lac,cc alienor,  Bordeaux lac,33000,FR
Auchan,Auchan,352 route nationale,59320,FR
Auchan,Auchan,Quartier de l'hôtel de ville,59650,FR
Auchan,Auchan - Esplanade,8 Rue de Leicester,67000,FR
Auchan,Auchan - Illkirch,6 Route de Strasbourg,67400,FR
Coop,Biocoop Solférino,98 rue Solférino,59000,FR
Coop,Bio Coop Paris Catalogne,2 place de Catalogne,75014,FR
Coop,Biocoop Paris 12,47 rue Jacques Hillairet,75012,FR
Coop,Biovalys [Biocoop Roncq],495 rue de Lille,59223,FR
Coop,Biocoop Toutelabio Paris Catalogne,2 place de Catalogne,75014,FR
Coop,Biocoop Camargue,7 avenue du Maréchal Juin, Zone commerciale de Fourchon,13200,FR
Coop,Biocoop - La Coumpagnié,840 avenue camp de menthe,13090,FR
Coop,Biocoop Lumière,80 avenue des frères Lumière,69008,FR
Coop,Biocoop L’Ephebio,CC Les Portes Du Littoral route de Sète,34300,FR
Coop,Biocoop Marché Couvert,place Jean-Baptiste Durand,47000,FR
Coop,Biocoop Le Pré Vert,156 impasse Péchabout,47000,FR
Coop,Biocoop Terres Bio,1 rue Pré Potet,21121,FR
Coop,Biocoop La Coumpagnie,840 avenue Camp de Menthe,13100,FR
Coop,Biocoop Aix-les-Bains,Allée des Erables,73420,FR
Coop,Biocoop,6 rue du Dr. Del Pellegrino,20000,FR
Coop,Biocoop Païs Albiges,9 rue du Puech Petit,81000,FR
Coop,Biocoop Soleil Levain,16 avenue Jules Guesde,30100,FR
Coop,Biocoop Le Vert de Terre,186 rue Alexandre Bérard,01500,FR
Coop,Biocoop du Rouennais,161 route de Paris,76920,FR
Coop,Biocoop Des Grains De Blé 2,83 boulevard de la République,33510,FR
Coop,Biocoop,5 chemin de Peirrascas,30140,FR
Coop,Biocoop Doyenné,50 Boulevard du Doyenné,49000,FR
Coop,Biocoop Foch,59 boulevard Foch,49000,FR
Coop,Biocoop Parme,ZA de Parme,64600,FR
Coop,Biocoop Regain Sud,ZAC des Fourneaux rue Albert Denis,17690,FR
Coop,Biocoop Aquarius,6 rue du 11è BCA,74000,FR
Coop,Biocoop Aquarius La Paix,10 rue de la Paix,74000,FR
Coop,Biocoop Bionacelle,30 boulevard de la République,07100,FR
Coop,Biocoop,97 rue du Grand Champ,38140,FR
Coop,Biocoop Bio En Artois,10 voie Notre Dame de Lorrette,62000,FR
Coop,Biocoop Artigues,25 Avenue de l'Île de France,33370,FR
Coop,Biocoop,17 rue Pierre Brossolette,92600,FR
Coop,Biocoop Bioviveo,37 avenue François Mitterrand,91200,FR
Coop,Biocoop Les Jardins d’Augusta,52 rue du 8 Mai 1945,32000,FR
Coop,Biocoop L’Arbre à Pain,150 avenue du Général Leclerc,15000,FR
Coop,Biocoop Bio Estella,ZA Pont de Joux Bâtiment B2,13390,FR
Coop,Biocoop Germinal,22 rue de Preuilly,89000,FR
Coop,Biocoop El Tout Bio,1 rue Prisse D’Avesnes,59440,FR
Coop,Biocoop Biotope,5 route de Lyon Quartier Saint Lazare,84000,FR
Coop,Biocoop Avon-Fontainebleau,1-3 avenue du Général De Gaulle,77210,FR
Coop,Biocoop Comptoir de la Bio,27 place Patton,50300,FR
Coop,Biocoop Caba,30 Ter avenue Pierre Mendès France,49240,FR
Coop,Biocoop,La Loge Cité Bellevue,37190,FR
Coop,Biocoop Bio Soleil,2 rue des Aillières,53200,FR
Coop,Biocoop Mère Nature,route de Saint Gervais,30200,FR
Coop,Biocoop de l’Étang De Thau,avenue de la Barrière,34540,FR
Coop,Biocoop Barcelo,2 allée des Pins,04400,FR
Coop,Biocoop Planète Bio,73 boulevard de Westphalie,76360,FR
Coop,Biocoop Bio Etika,7 avenue Maréchal Juin,64100,FR
Coop,Biocoop,49 rue Sainte Anne,49600,FR
Coop,Biocoop Au Panier Bio,1 rue des Filatures,60000,FR
Coop,Biocoop,25 avenue de l’Île de France,33130,FR
Coop,Biocoop Le Grenier Vert,9 avenue du Général De Gaulle,90000,FR
Coop,Biocoop La Belz’Saison,17 Bis rue Gutenberg PA de la Ria d’Etel,56550,FR
Coop,Biocoop Bergerac Bio,71 avenue Paul Doumer,24100,FR
Coop,Biocoop La Canopée,3 Allée de L’Île aux Moineaux,25000,FR
Coop,Biocoop Pais d’Oc,150 route de Pézenas,34500,FR
Coop,Biocoop Rives d’Arcins,1 rue des Frères Lumières CC Régional Rives d’Arcins,33380,FR
Coop,Biocoop Panier Du Béarn,59 route de Bayonne,31110,FR
Coop,Biocoop Biocinelle,39 rue de Nantes,44130,FR
Coop,Biocoop L’épi Vert,27 rue des Flandres,41000,FR
Coop,Biocoop Pré Vert,22 avenue de la Capelette,47550,FR
Coop,Biocoop Les Bruyères,5 rue Hispano Suiza,92270,FR
Coop,Biocoop Planète Bio,45 rue Georges de Buffon avenue de l’Europe,76230,FR
Coop,Biocoop Bio Tea Full,313 route de la Forêt Les Grands Horizons,66210,FR
Coop,Biocoop Biococcinelle,42 Bis avenue de la Mairie,42160,FR
Coop,Biocoop Gambetta,27 Rue Judaïque,33000,FR
Coop,Biocoop Pasteur,40 cours Pasteur,33000,FR
Coop,Biocoop Caudéran,48 Avenue du Général Leclerc,33200,FR
Coop,Biocoop Chartrons,6 rue Sicard,33000,FR
Coop,Biocoop Montaigu,ZA Bellevue rue Alfred Nobel,85600,FR
Coop,Biocoop Le Petit Gallieni,163 Ter rue Gallieni,92100,FR
Coop,Biocoop Opale Bio,17 rue Edmond Rostand,62200,FR
Coop,Biocoop Bourguibio,8 rue du Dr Guyotat,42220,FR
Coop,Biocoop Mag’Bio Eden,43 avenue Alsace Lorraine,01000,FR
Coop,Biocoop Bourg en Bresse,10 boulevard Kennedy,01000,FR
Coop,Biocoop Au Bourgeon Vert,69 rue Barbes,18000,FR
Coop,Biocoop Breg Osio,19 avenue Henri Barbusse,38300,FR
Coop,Biocoop,4 rue de l’Espace,79300,FR
Coop,Biocoop Kerbio Centre Ville,3 rue Kerfautras,29200,FR
Coop,Biocoop Kerbio Europe,place Daumier,29200,FR
Coop,Biocoop Kerbio Rive Droite,114 boulevard de Plymouth,29200,FR
Coop,Biocoop La Clayette Bio,12 rue du Poitou ZAC Maison Neuve,91220,FR
Coop,Biocoop L’Épine Vinette,Le Val Chancel avenue du 159E RIA,05100,FR
Coop,Biocoop Le Relais Bio,60 avenue Yves Giustiniani,83170,FR
Coop,Biocoop Briva Bio,19 place du Postel,43100,FR
Coop,Biocoop Porte Des Alpes,SAS Le Refuge Bio 332 avenue du Général De Gaulle,69500,FR
Coop,Biocoop Scarabée Bruz,5-7 rue de Gavrinis,35170,FR
Coop,Biocoop Cosmos Carré,15 rue Becquerel,66330,FR
Coop,Biocoop Fréquence Bio,35 avenue Henry Chéron,14000,FR
Coop,Biocoop Cahors Bellecroix,365 chemin de Bellecroix,46000,FR
Coop,Biocoop Cahors Cathédrale,75 Place Clément Marot,46000,FR
Coop,Biocoop Vitavie,rue Gauthier,59400,FR
Coop,Biocoop,1 rue Paul Emile Victor,66140,FR
Coop,Biocoop Bio Et’hique,8 rue Poincaré,59160,FR
Coop,Biocoop Tournesol,8 Rue Chaptal ZAC Les Graves,11000,FR
Coop,Biocoop Douar Nevez,76 avenue Victor Hugo,29270,FR
Coop,Biocoop Carnoux,avenue Gay Lussac ZI,13470,FR
Coop,Biocoop L’auzonne,238 avenue Notre Dame de Santé,84200,FR
Coop,Biocoop Pais’ en Bio,114 avenue Monseigneur de Langle,11400,FR
Coop,Biocoop La Chartreuse,2 rue Henry Le Châtelier,81100,FR
Coop,Biocoop Cultures Bio,1713 route de Robion quartier Bel Air,84300,FR
Coop,Biocoop 4 pavillons,213 Avenue Carnot,33150,FR
Coop,Biocoop Scarabée Sevigny,8 avenue des Peupliers route de Paris,35510,FR
Coop,Biocoop du Léman,45 chemin du Journans,01170,FR
Coop,Biocoop Des Grains De Blé 3,28 Bis avenue d Verdun ZC Gazinet Nord,33610,FR
Coop,Biocoop Maraîchine,1 rue de la Cailletière,85300,FR
Coop,Biocoop Symbiose,3 allée des treilles ZC du Marais,49290,FR
Coop,Biocoop,Casabio 26 quai de la Rize,73000,FR
Coop,Biocoop Toutelabio,CC Le Mail 50 route de Mantes,78240,FR
Coop,Biocoop,17 rue Charles Coulomb,37170,FR
Coop,Coop Nature sud Chambray,13 rue augustin Fresnel,37170,FR
Coop,Biocoop des Monts d’Or,16 avenue du Général De Gaulle,69410,FR
Coop,Biocoop Grain d’Or 3,Les Combeaux,24650,FR
Coop,Biocoop Des Olonnes,30 rue des Plesses,85180,FR
Coop,Biocoop Biosphère,pôle commercial de la Grenouillère 67 A rue d’Ancenis,44110,FR
Coop,Biocoop Le Pois Tout Vert,ZC La Désirée 5 rue de Jussieu,86100,FR
Coop,Biocoop Au Grès Des Saisons,47 Rue Gabriel Péri,92320,FR
Coop,Biocoop La Canopée,7 Rue Maurapans,25870,FR
Coop,Biocoop Saveurs,ZAC La Gloriette,38160,FR
Coop,Biocoop Le Pré Verger,559 avenue Roger Salengro,92370,FR
Coop,Biocoop Le Chou Ravi,rue de l’Égalité,42140,FR
Coop,Biocoop,10 avenue Général De Gaulle,77500,FR
Coop,Biocoop Vergers De Cossigny,Hameau de Cossigny 9 allée des Peupliers,77173,FR
Coop,Biocoop L’An Vert Du Panier,1 rue du Château d’Eau route de Tours,37500,FR
Coop,Biocoop Cholet Nord,ZAC de l’Ecuyère 2 rue de la Baie d’Hudson,49300,FR
Coop,Biocoop Cholet Sud,12 avenue de la Marne,49300,FR
Coop,Biocoop Cholet Ouest,204 avenue des 3 Provinces la Promenade,49300,FR
Coop,Biocoop Cosmos Claira,route du Barcarès RD 83,66530,FR
Coop,Biocoop Pays de Cognac,137 avenue Victor Hugo,16100,FR
Coop,Biocoop Sonnebluem,7 rue du Grillenbreit,68000,FR
Coop,Biocoop Le Perget,ZAC du Perget 1 avenue André Marie Ampère,31770,FR
Coop,Biocoop Le Chat Biotte,Zone de Moulin Madame allée des Ecotays,35270,FR
Coop,Biocoop Konkar’Bio,ZA de Keramperu 4 rue Lucien Vidie,29900,FR
Coop,Biocoop Pays d’Alençon,PA de la Boissière 69 rue d’Alençon,61250,FR
Coop,Biocoop Arc En Ciel,32 Ter avenue des Pyrénées route d’Auch,32100,FR
Coop,Biocoop,Le Chêne Et Le Roseau SARL avenue du 85è de Ligne ZI des près Maillard,58200,FR
Coop,Biocoop Le Plantivore,27 rue du Commerce,79160,FR
Coop,Biocoop L’Andésite,20 place avenue d’Aubière,63800,FR
Coop,Biocoop Biosaveurs,4 rue de la Glacière,50200,FR
Coop,Biocoop,118 avenue du Tremblay ZA de Vaux,60100,FR
Coop,Biocoop des Cascades,avenue Jean Monnet Rond Point Raujolles,12100,FR
Coop,Biocoop Eco-Bio,140 boulevard de Montmorency,95170,FR
Coop,Biocoop Planète Bio,avenue des Canadiens ZAC du Val Druel,76200,FR
Coop,Biocoop,ZA du Champ Blanchard rue du Pavé du Riou,49400,FR
Coop,Biocoop Le Chat Biotte,15 boulevard Deminiac,35120,FR
Coop,Biocoop Réponse Nature,65 avenue Eisenhower,39100,FR
Coop,Biocoop,rue Gabriel Le Signe ZAC de Bréhuel,29100,FR
Coop,Biocoop Soleil Bio,868 boulevard Pierre Brossollette ZA Pont de Lorgues,83300,FR
Coop,Biocoop Aix-Les-Bains,ZA du Pontet allée des Érables,73420,FR
Coop,Biocoop Berche Du Bio,84 route d’Amiens,80480,FR
Coop,Biocoop Grain de Soleil,Le Village,05300,FR
Coop,Biocoop,ZAC de la Couronne Des Près 6 avenue de le Mauldre,78680,FR
Coop,Biocoop,1 rue Jacques Monod,27000,FR
Coop,Biocoop Halle Gourmande,5004 rue des Usines,31150,FR
Coop,Biocoop L’oustal,81 route de Paris,31150,FR
Coop,Biocoop,2 avenue Martial Valin,87220,FR
Coop,Biocoop Les Artisons,32 rue Dorian,42700,FR
Coop,Biocoop La Source Verte,127 rue de la Chaussée,61100,FR
Coop,Biocoop,avenue d’Artagnan,32500,FR
Coop,Biocoop Bouliac,2 quai de la Souys,33270,FR
Coop,Biocoop,20 rue Saint Vincent,09000,FR
Coop,Biocoop Jojoba Village Vert,5 place de Verdun,04300,FR
Coop,Biocoop Bio Lune,32 boulevard de Groslay,35300,FR
Coop,Biocoop Le Grenier Daudet,3 rue Alphonse Daudet,5000,BE
Coop,Biocoop Le Grenier Tokoro,boulevard d’Orient Zone Tokoro,05000,FR
Coop,Biocoop Le Grenier Carnot,13 rue Carnot,05000,FR
Coop,Biocoop Les 7 Saveurs,197 rue des Fourches,45500,FR
Coop,Biocoop Ethik’Etre,25 avenue Phileas Fogg,80440,FR
Coop,Biocoop Bazert,ZC de Lane Bazert,31210,FR
Coop,Biocoop,route de Cahors,46300,FR
Coop,Biocoop Saveurs Et Nature 1,47 rue du Professeur Bernard,33170,FR
Coop,Biocoop Vivez Nature,132 route de Toulouse,31330,FR
Coop,Biocoop Casabio Chorier,32 rue Nicolas Chorier,38000,FR
Coop,Biocoop Casbio Libération,234 cours de La Libération,38000,FR
Coop,Biocoop Malherbe,1 avenue Malherbe,38100,FR
Coop,Biocoop,6 rue Boucher de la Rupelle,73100,FR
Coop,Biocoop Sève,ZA de la Dabonière,56380,FR
Coop,Biocoop Les Hameaux Bio 2,3 rue de la Briquerie,44350,FR
Coop,Biocoop Des Grains De Blé 1,98 cours de Verdun,33470,FR
Coop,Biocoop Biomance,6 avenue de la Haute Loge,59190,FR
Coop,Biocoop Jonathan,1 ter Cité artisanale Grande Delle rue Denis Papin,14200,FR
Coop,Biocoop Unis Vers Bio,36 route d’Eguisheim,68040,FR
Coop,Biocoop Du Viviers,ZC Espace Bocaud 15 rue Clos De Viviers,34830,FR
Coop,Biocoop Entre Ciel Et Terre,ZA du Pont Peyrin,32600,FR
Coop,Biocoop Montredon,2 rue d’Ariane,31240,FR
Coop,Biocoop Les Iris,SARL Bioplaine 4 rue Denfert Rochereau,72400,FR
Coop,Biocoop Alterre Native,ZAC de la Monnerie allée des Futreaux,72200,FR
Coop,Biocoop,505 avenue Robespierre,83130,FR
Coop,Biocoop L’onde Bio,1640 chemin du Puits de la Commune,83250,FR
Coop,La Coop Bio,PA La Ville Biais,35780,FR
Coop,Biocoop Aquarius,2 rue Perrine,74800,FR
Coop,Biocoop Croq’Bio Nord,91 rue Philippe Lebon,85000,FR
Coop,Biocoop Croq’Bio Sud,74 rue de Montréal ZI Acti-Sud,85000,FR
Coop,Biocoop Grandeur Nature,route de Baziège La Lauragaise ZAC de la Bourgade,31670,FR
Coop,Biocoop Regain Nord,27 avenue de Lagord-Vendôme,17140,FR
Coop,Biocoop La Clef Des Champs,11 rue Henri Dunant,29800,FR
Coop,Biocoop,ZC de Landorthes RN 817,31800,FR
Coop,Biocoop Les 7 Épis,6 rue Jean-Marie Djibaou,56600,FR
Coop,Biocoop,200 rue du 8 Mai 1945,65300,FR
Coop,Biocoop Douargann,rond point Saint Marc,22300,FR
Coop,Biocoop Traou An Douar,rue Jean Paul Sartre ZAC de Kerligonan,22300,FR
Coop,Biocoop Élément Terre,zone Cap Sud rue Charles De Gaulle,22100,FR
Coop,Biocoop Bio Soleil,8 rue Bir Hakeim,53000,FR
Coop,Biocoop de la Source,Route Nationale 77,10150,FR
Coop,Biocoop,Carrer d’En Cavailles,66160,FR
Coop,Biocoop Aile Du Papillon,10 route de Nîmes,34920,FR
Coop,Biocoop Le Fenouil Université,22 boulevard Louis Leprince Ringuet,72000,FR
Coop,Biocoop Toutelabio,131 avenue Pierre Brossolette,94170,FR
Coop,Biocoop L’arbre De Vie,5 avenue de La Libération,92350,FR
Coop,Biocoop Echo Nature,34 route de Roderie,43000,FR
Coop,Biocoop,Le Village Bio 7 rond point Thiers,93340,FR
Coop,Biocoop,216 route de la Pyramide,49130,FR
Coop,Biocoop du Haut Hura,191 route du Génie ZA des Adraits,39220,FR
Coop,Biocoop Finis Terra,8 Croas ar Rod,29260,FR
Coop,Biocoop,3 rue de l’Alaric,11200,FR
Coop,Biocoop Saison Bio,39 avenue de Verdun,33500,FR
Coop,Biocoop,23 rue des Postes,59000,FR
Coop,Biocoop Vert Tige Wazemmes,marché couvert place de la Nouvelle Aventure,59000,FR
Coop,Biocoop Uzurat,1 rue Pierre Michaux,87280,FR
Coop,Biocoop Association Biocoop Floreal,41 avenue Fabre d’Églantine,11300,FR
Coop,Biocoop de l’Audomarois,allée Honoré de Balzac ZAC Sainte Catherine,62219,FR
Coop,Biocoop En Vie Bio,22 avenue Camille Prost,39000,FR
Coop,Biocoop Les 7 Épis,rue Antoine de Saint-Exupéry,56100,FR
Coop,Biocoop Les 7 Épis Centre Ville,7 rue Vauban,56100,FR
Coop,Biocoop Callune Loudeac,11 boulevard Victor Étienne,22600,FR
Coop,Biocoop Lou’En Bio,75 route du Jura,71500,FR
Coop,Biocoop Pays De Lourdes,2 impasse du Vélodrome avenue François Abadie,65100,FR
Coop,Biocoop,avenue Winston Churchill,27400,FR
Coop,Biocoop La Primaude,32 place de l’Étoile,12450,FR
Coop,Biocoop Terre Mère,8 rue Émile Girardeau,85400,FR
Coop,Biocoop,268 chemin de la Vidourlenque,34400,FR
Coop,Biocoop Les Terreaux,13 rue d’Algérie,69001,FR
Coop,Biocoop Lyon Bellecour,32 rue du Plat,69002,FR
Coop,Biocoop du Gros Caillou,1 rue Aimé Boussange,69004,FR
Coop,Biocoop Saxe Gambetta,15 avenue Jean Jaurès,69007,FR
Coop,Biocoop Lyon Lumière,80 avenue des Frères Lumière,69008,FR
Coop,Biocoop,57 avenue de La Libération,19360,FR
Coop,Biocoop Le Blé en Herbe,ZI Saint Joseph,04100,FR
Coop,Biocoop du Mantois,2 rue d’Alsace,78200,FR
Coop,Biocoop Comptoir Bio,208 rue Molière,60280,FR
Coop,Biocoop du Marmandais,ZAC de la Plaine Lieu-dit Roustaud de Thivras 8 rue Einstein,47200,FR
Coop,Biocoop Castellane,87 rue d’Italie,13006,FR
Coop,Biocoop Château Gombert,135 boulevard Bara Château Gombert,13006,FR
Coop,Biocoop Endoume,21 rue Sauveur Tobelem,13007,FR
Coop,Biocoop Bio Coin Joli,14 boulevard Ganay,13009,FR
Coop,Biocoop des Collines,203 route des Camions,13013,FR
Coop,Biocoop Le Rabio,ZA du Pont de Martinvast 15 rue Charles Delauney,50690,FR
Coop,Biocoop El Tout Bio,15 boulevard de l’Epinette,59600,FR
Coop,Biocoop Bio Soleil,6 boulevard Anatole France,53100,FR
Coop,Biocoop O’Rivières,37 rue Principale,49630,FR
Coop,Biocoop Les 7 Epis Mellac,ZAC de Keringuant Kervidanou 3,29300,FR
Coop,Biocoop La Claire Fontaine,48 avenue des Gorges du Tarn,48000,FR
Coop,Biocoop Mérignac,72 Avenue Pierre Mendès-France,33700,FR
Coop,Biocoop Terrat Nat,rue des Granges,01800,FR
Coop,Biocoop du Cres,465 boulevard Georges Brassens,12100,FR
Coop,Biocoop L’esprit Vert,22 avenue Jean Jaurès,73500,FR
Coop,Biocoop Velay Nature,zone les Moletons rue des Pruniers,43120,FR
Coop,Biocoop Nature & Santé,337 boulevard Jean Larrieu,40000,FR
Coop,Biocoop Montauban,zone nord - rue Voltaire,82000,FR
Coop,Biocoop Champ Libre,ZI du Haut Agenais,47500,FR
Coop,Biocoop Les Halles,6 cours des Halles,25200,FR
Coop,Biocoop,1 boulevard Charles De Gaulle,77144,FR
Coop,Biocoop Bioviveo,38 avenue Jean Jaurès,91230,FR
Coop,Biocoop Pleinchamp Dans La Ville,24 Bis place Etienne Marcel CC St Quentin En Yvelines,78180,FR
Coop,Biocoop Marianne,181 place Ernest Granier Immeuble Oz’One,34000,FR
Coop,Biocoop Les Saveurs du Potager,avenue Jean Moulin,24700,FR
Coop,Biocoop Planète Verte,6 rue Victor Hugo,41400,FR
Coop,Biocoop Le Refuge Des Saveurs,5 chemin des Pierres,25500,FR
Coop,Biocoop Méditerranée,609 route de la Roquette,06250,FR
Coop,Biocoop Moutiers Au Panier Vert,106 rue des Tilleuls ZA des Salines Royales,73600,FR
Coop,Biocoop du Rebberg,36 avenue de Riedisheim,68100,FR
Coop,Biocoop,20 boulevard de Joffrery,31600,FR
Coop,Biocoop Caba,34 route de Cholet CC de l’Aubance,49610,FR
Coop,Biocoop Le Panier Bio,Espace Littoral Nord La Vieille Poste,56190,FR
Coop,Biocoop Le Goupil Vert,34-38 rue Marcel Brot,54000,FR
Coop,Biocoop Nantes Nord,188 route de Rennes,44000,FR
Coop,Biocoop Nantes République,17 boulevard Gustave Roch,44000,FR
Coop,Biocoop Terrabio Centre,36 A Boulevard Marcel Sembat,11100,FR
Coop,Biocoop Terrabio Sud,3 rue du Rec de Veyret Zone Industrielle de Plaisance,11100,FR
Coop,Biocoop L’arbre Vert,ZA Larousset route de Condom,47600,FR
Coop,Biocoop,47 boulevard du Grand Pré Des Bordes,58000,FR
Coop,Biocoop Grimaldi,2 place de Grimaldi,06000,FR
Coop,Biocoop Riviera,104 avenue Henri Dunant,06000,FR
Coop,Biocoop La Marigoule 1,CC Les 7 Collines 42 rue du Forez Bâtiment B,30000,FR
Coop,Biocoop Le Baquet Vert,30 rue de Gutenberg,79000,FR
Coop,Biocoop Au P’tit Bio 2,avenue Yvon Delbos,24300,FR
Coop,Biocoop Tarbes Sud,77 rue de Lourdes,65310,FR
Coop,Biocoop Nantes Orvault,8 rue du Commandant Charcot,44700,FR
Coop,Biocoop,5 rue André Citroën,09100,FR
Coop,Biocoop Emporium,54 avenue de la Gare,33290,FR
Coop,Biocoop Le Retour A La Terre Rive Gauche,1 rue Le Goff,75005,FR
Coop,Biocoop Le Retour A La Terre Les Champs,87 rue de la Boétie,75008,FR
Coop,Biocoop Alma Trinité,2 rue de Clichy,75009,FR
Coop,Biocoop Dada,29 rue de Paradis,75010,FR
Coop,Biocoop Bastille Welcome,10 rue Boulle,75011,FR
Coop,Biocoop Le Retour A La Terre Rive Droite,114 avenue Philippe Auguste,75011,FR
Coop,Biocoop,19 avenue de la République,75011,FR
Coop,Biocoop Aligre,24 rue Beccaria,75012,FR
Coop,Biocoop Paris 12ème,47 rue Jacques Hillairet,75012,FR
Coop,Biocoop Toutelabio,53-55 rue de la Glacière,75013,FR
Coop,Biocoop Toutelabio,2 place de Catalogne,75014,FR
Coop,Biocoop La Ruche d’Alésia,43 rue Bezout,75014,FR
Coop,Biocoop Boucicaut,134 rue de Lourmel,75015,FR
Coop,Biocoop La Belle Verte,4 place du Général Bleuret,75015,FR
Coop,Biocoop Toutelabio,44 boulevard de Grenelle,75015,FR
Coop,Biocoop Paris 17ème,153 rue Legendre,75017,FR
Coop,Biocoop Canal Bio,46 bis quai de la Loire,75019,FR
Coop,Biocoop Belleville En Bio,62 rue de Belleville,75020,FR
Coop,Biocoop Aux Quatre Saisons Bio,31 rue Léonard De Vinci ZAC des Loges,79200,FR
Coop,Biocoop Grain d’Or,7 rue Salinière,24000,FR
Coop,Biocoop Mailloles,114 avenue Victor Dalbiez,66000,FR
Coop,Biocoop,12 avenue de Prades,66000,FR
Coop,Biocoop Douar Bihan,67 rue Anatole Le Braz,22700,FR
Coop,Biocoop Pessac,14 avenue Jean Jaurès,33600,FR
Coop,Biocoop La Ti Gambille,5 rue de la Croix Lormel,22190,FR
Coop,Biocoop Sève,9 boulevard des Carmes,56800,FR
Coop,Biocoop Biogastell,Scop Celtabio 45 rue Jean Fournier,29470,FR
Coop,Biocoop Gungampaise,ZAC de Runanvizit,22970,FR
Coop,Biocoop Le Pois Tout Vert Demi Lune,55 avenue du Plateau des Glières,86000,FR
Coop,Biocoop Le Pois Tout Vert Porte Sud,ZC Auchan Sud 14 route de La Saulaie,86000,FR
Coop,Biocoop Le Pois Tout Vert Saint Éloi,20 rue de Bonneuil Matours quartier St Éloi,86000,FR
Coop,Biocoop Graine Bio,route de Plomeur,29120,FR
Coop,Biocoop du Hauts Doubs,9 rue Arthur Bourdin ZAC Epinette,25300,FR
Coop,Biocoop Callune,2 rue Colette Besson,56300,FR
Coop,Biocoop Les Hameaux Bio 3,rue du Traité de Lisbonne,44210,FR
Coop,Biocoop Esprit Bio,4 allée du Courtil Riel,44380,FR
Coop,Biocoop Gaïa,Le Ponchut RN 113,47130,FR
Coop,Biocoop,8 allée Pablo Picasso,31120,FR
Coop,Biocoop La Plantula,Scop Biocoop Terraisol 7 rue de la Basse,66500,FR
Coop,Biocoop Aquarius,152 rue de la Gare,74370,FR
Coop,Biocoop Bio’Sitive,26-28 route de Champbenoist,77160,FR
Coop,Biocoop,5 allée de Tréqueffelec,29000,FR
Coop,Biocoop,12 chemin de Ribaute,31130,FR
Coop,Biocoop Le Héron Bleu,51 rue de la Chataigneraie,35600,FR
Coop,Biocoop Scarabée Cleunay,132 rue Eugène Pottier,35000,FR
Coop,Biocoop Scarabée Vasselot,10 rue Vasselot,35000,FR
Coop,Biocoop Scarabée Papu,18 rue Papu,35000,FR
Coop,Biocoop Jojobrousses,Le Village,04150,FR
Coop,Biocoop Croq’ Sante,84 rue du 26 Mars,24600,FR
Coop,Biocoop Au P’tit Bonheur,ZAC Brunon Valette,42800,FR
Coop,Biocoop,null,null,null
Coop,Biocoop Campana,8 avenue de l’Entreprise parc commercial Les Moutiers,12000,FR
Coop,Biocoop Biovalys,495 rue de Lille,59223,FR
Coop,Biocoop Sainte Victoire,chemin départementale 56 quartier Le Plan route de Trets,13790,FR
Coop,Biocoop,24 rue Antoine Laurent de Lavoisier,17200,FR
Coop,Biocoop Le Fenouil Sud,85 chemin de César ZAC des Hunaudières,72230,FR
Coop,Biocoop Toutelabio,RN113 286 avenue Napoléon Bonaparte,92500,FR
Coop,Biocoop La Martinière,zone de la Martinière route du Mans,72300,FR
Coop,Biocoop Pyas du Santon,4 rue du Champs de Tir zone commerciale du Parc Atlantique,17100,FR
Coop,Biocoop Cobionat,quartier des Launes 139 chemin Belandes,83690,FR
Coop,Biocoop Orléans,40 rue Gabriel Debacq,45770,FR
Coop,Biocoop Le Fenouil Sarge,2 rue des Noisetiers ZAC de la Pointe,72190,FR
Coop,Biocoop,zone commerciale du Pontet Gendonie Basse,24200,FR
Coop,Biocoop Greendy,57 avenue Maurice Berteaux,78500,FR
Coop,Biocoop Le Cadre Bio Saint Lambert,ZI Ecoparc 12 chemin des Pâtureaux,49400,FR
Coop,Biocoop Le Sillon Bio,rue des Fretauderies parc commercial de la Colleraye,44260,FR
Coop,Biocoop Forez Bio,Espace C Briant Les Bruyères,42600,FR
Coop,Biocoop G’Sunheit,19 rue du Sel,67600,FR
Coop,Biocoop Germinal,1 rue du Pont de Fer,89100,FR
Coop,Biocoop L’Épicerie Bio,7 avenue Marius Méyère,05700,FR
Coop,Biocoop du Lac,4550 route d’Albertville BP226 PAC Les Grands Vignobles,74320,FR
Coop,Biocoop du Semnoz,SAS La Bio Du Semnoz 12 chemin de Périaz,74600,FR
Coop,Biocoop,52 avenue Jean Jaurès,04200,FR
Coop,Biocoop Au Panier Naturel,ZAC de l’Archer rue Marcel Paul,02200,FR
Coop,Biocoop Bioviveo,1 rue de la Forêt de Sénart CC Les Meillottes,91450,FR
Coop,Biocoop L’Épicéa,278 avenue du Général De Gaulle,16800,FR
Coop,Biocoop Lou Cussou,101 avenue Jean Jaures,12400,FR
Coop,Biocoop La Gambille,10 rue De Robien,22000,FR
Coop,Biocoop La Gambille Centre Ville,2 rue Michelet,22000,FR
Coop,Biocoop Les Gatobio,970 route de Montélimar,07200,FR
Coop,Biocoop La Ciboulette,49 rue des Trois Villes,88100,FR
Coop,Biocoop Casabio,22 avenue de L’île Brune,38120,FR
Coop,Biocoop Saveur Nature,101 rue du Bocage ZC Centre Leclerc,44150,FR
Coop,Biocoop Le Marché Bio,35 rue des Perrières rond point des Clouzeaux,41350,FR
Coop,Biocoop Bio’s Faire,SARL Eau d’Ayes 15 avenue d’Aulot,09200,FR
Coop,Biocoop Scarabée Saint Grégoire,8 rue de la cerisaie,35760,FR
Coop,Biocoop Les Halles Nantes Ouest,332 boulevard Marcel Paul,44800,FR
Coop,Biocoop Grain De Sel,12 chemin de la Petite Croix,85270,FR
Coop,Biocoop La Fourmi Et La Cigale,16 boulevard des Remparts,30170,FR
Coop,Biocoop Sainbiose,13 rue Roger Menaud ZA La Grenoblerie,17400,FR
Coop,Biocoop Label Nature,avenue du 8 Mai 1945 parking rue des Chaudannes,73300,FR
Coop,Biocoop,SARL Au P’tit Épeautre La Croix Blanche,87200,FR
Coop,Biocoop Comptoir De La Bio,253 boulevard de Strasbourg,50000,FR
Coop,Biocoop Saint Malo Aquarium,44 rue du Général Patton,35400,FR
Coop,La Coop Bio,PA La Grassinais,35400,FR
Coop,Biocoop Coccinelle,rue Marcelin Berthelot,29600,FR
Coop,Biocoop Reine Des Près,ZA Du Maupas rue Louis Braille,35290,FR
Coop,Biocoop Initiative Bio,rue des Catalaunes,51470,FR
Coop,Biocoop Les Hameaux Bio 4,89 rue Jean Jaurès,30200,FR
Coop,Biocoop Eco-Bio,68 chaussée Jules César,95310,FR
Coop,Biocoop du Lac,7 le Moulin de la Chaussée,44310,FR
Coop,Biocoop La Vie Bio,13 bis boulevard Gambetta,02100,FR
Coop,Biocoop Bio’Abers,zone de Mespaol,29290,FR
Coop,Biocoop Nantes Sud,rue Louis Blanc,44230,FR
Coop,Biocoop,ZA La Courtillière 3 rue des Marmousets,77400,FR
Coop,Biocoop Olaf,SARL La Bio du Bessin 2 chemin de la Rivière angle chemin dit de la Bletre,14400,FR
Coop,Biocoop de Chalons,32 avenue de Terreblanque,40230,FR
Coop,Biocoop - Le quai des Halles,6 Rue de Sébastopol,67000,FR
Coop,La Coop Bio,PA Cap Rance Ouest,22100,FR
Coop,Biocoop,23 avenue Victor Pilhes,09400,FR
Coop,Biocoop Tarbes Ouest,15 rue de la Garounère,65000,FR
Coop,Biocoop Bioplaisir Ouest,142 avenue Charles De Gaulle,69160,FR
Coop,Biocoop Germinal,15 Bis boulevard Georges Lemoine,89700,FR
Coop,Biocoop,37 boulevard Carnot,31000,FR
Coop,Biocoop Purpan,301 avenue de Grande Bretagne,31000,FR
Coop,Biocoop Les Minimes,4 avenue Frédéric Estèbe,31000,FR
Coop,Biocoop Grandeur Nature,21 avenue des Écoles Jules Julien,31000,FR
Coop,Biocoop Le 21,rue Guillaume Le Conquérant routes de Paris,14800,FR
Coop,Biocoop,45 rue des Industries ZA Leclerc,50110,FR
Coop,La Ramée Biocoop,110 avenue du Marquisat,31170,FR
Coop,Biocoop Tain Tournon,175 chemin de Champagne,07300,FR
Coop,Biocoop Salut Terre,15 rue Arthur Rimbaud Pôle de la Maison,37000,FR
Coop,Coop Nature Tours Centre,17 rue Chalmel,37000,FR
Coop,Coop Nature Tours Nord,25 rue de Hollande,37100,FR
Coop,Biocoop La Gambille,3 Bis rue Marc Seguin,22950,FR
Coop,Biocoop Grain d’Or 2,120 avenue Michel Grandou,24750,FR
Coop,Biocoop Les Hameaux Bio,ZAC de Savigne rue des Aigrettes,44570,FR
Coop,Biocoop La Marigoules Uzes,ZAC du Pont des Charettes,30700,FR
Coop,Biocoop Nature Éléments,2 avenue Alexandre Blanc place de la Cathédrale,84110,FR
Coop,Biocoop L’autre Rive,4 Bis du Comté de la Suze,90300,FR
Coop,Biocoop,333 avenue Victor Hugo,26000,FR
Coop,Biocoop,22 rue Ernest Macarez,59300,FR
Coop,Biocoop La Sangueze,24 boulevard de l’Italie,44330,FR
Coop,Biocoop La Maison du Bio,ZA Les Estrades,07150,FR
Coop,Biocoop,CC du Bréau,77130,FR
Coop,Biocoop Planète Paradis,42-44 avenue Foch,06140,FR
Coop,Biocoop Bio Saône,ZC Espace de la Motte 3 rue Tallerot,70000,FR
Coop,Biocoop Le Baraban,ZA La Goutte rue de l’Artisanat,42390,FR
Coop,Biocoop,102 Bis avenue du Quercy,12200,FR
Coop,Biocoop Le Monde Allant Vert,1525 route de Frans,69400,FR
Coop,Biocoop Saveurs et Nature 3,42 Rue Jean Pages,33140,FR
Coop,Biocoop Saveurs Et Saisons,270 rue des Fusillés,59650,FR
Coop,Biocoop Champ Libre,401 avenue de Bordeaux,47300,FR
Coop,Biocoop Biogone,31 rue Gervais Buissière,69100,FR
Coop,Biocoop Bio Rigollots,140 rue de France,94300,FR
Coop,Biocoop du Bocage,avenue de Bischwiller,14500,FR
Coop,Biocoop Pays De Vitre,17 rue des Artisans,35500,FR
Coop,Biocoop Bio-Vair,154 rue Saint Nicolas,88800,FR
Coop,Biocoop Bioasis,SAS Mon Bio 39 boulevard de La République,38500,FR
Coop,Biocoop Vert Tige,rue Antaloe France,59136,FR
Coop,Biocoop Biosaveurs,788 avenue de l’Europe,50400,FR
Coop,Biocoop Champ Libre,401 avenue de Bordeaux,47300,FR
Coop,Biocoop Biosaveurs,788 avenue de l’Europe,50400,FR
Coop,Coopaparis,59 rue Stephenson,75018,FR
Coop,Biocoop La République,19 avenue de la République,75011,FR
Coop,Biocoop,null,86100,FR
Coop,Biocoop,15 rue Arthur Rimbaud,37000,FR
Coop,Biocoop le pois vert,Rue de Jussieu,86100,FR
Coop,BioCoop St Gervais la Forêt,35 RUE DES PERRIERES,41350,FR
Coop,Biocoop Vendôme,197 rue vendôme,69003,FR
Coop,Biocoop Jaurès,32 allées Jean Jaurès,31000,FR
Coop,Biocoop du Grand Large,12 rue Paul Cézanne,69330,FR
Coop,Biocoop,11 rue du président René Coty,78360,FR
Coop,Biocoop Vesonbio,Place du Maréchal Leclerc,25000,FR
Coop,Biocoop Courbevoie Centre,69 AVENUE MARCEAU,92400,FR
Coop,Biocoop Jeanne d'arc ,88 rue Jeanne d'arc,76000,FR
Coop,Biocoop de l'Estuaire,3 rue des Cabernets,33390,FR
Coop,Biocoop La Fringale,45B Avenue Winston Churchill,27400,FR
Coop,Biocoop Barentin ,73 boulevard de Westphalie,76360,FR
Coop,La coop d'Albâtre ,3 bis rue du coeur couronné,76200,FR
Coop,Biocoop Louviers,Avenue Winston Churchill,27400,FR
Coop,Biocoop Grandeur Nature Saint Orens,allée des champs pinsons,31650,FR
Coop,Biocoop - Coquelicot,6-8 rue de la première armée,67000,FR
Coop,Biocoop Soisy-Sur-Seine,1, rue de la Forêt de Sénart,91450,FR
Coop,Biocoop Montgeron,38 Avenue Jean Jaurès,91230,FR
Coop,Biocoop Athis-Mons,37 Avenue François Mitterrand,91200,FR
Coop,BioCoop Soleil Bio,868 Avenue Pierre Brossolette,83300,FR
Coop,Coop de Pantin (Coopérative alimentaire),Lemon Tri, 14 avenue Edouard Vaillant à Pantin,93500,FR
Coop,Biocoop La Varenne,26-30 bis avenue du Bac,94100,FR
Coop,  BIOCOOP LE RETOUR A LA TERRE RIV ,114 Avenue Philippe Auguste,75011,FR
Coop,Biocoop rue de Paradis,29 rue de Paradis,75010,FR
Coop,Planète bio - Biocoop,45 Rue Buffon,76230,FR
Coop,Biocoop Le Boulou,16 Carrer d'En Cavailles,66160,FR
Coop,Ma coop',21 avenue de la gare,66400,FR
Coop,Ma coop',5 route de Collioure,66700,FR
Coop,Coopérative intégrale réunionnaise,null,97442,RE
Coop,BIOCOOP Nature et Santé,337,  Boulevard Jean LARRIEU,40000,FR
Coop,Biocoop Convention,202 rue de la Convention,75015,FR
Coop,Biocoop Saint Martin,1 ROUTE DE CALAIS,62280,FR
Coop,Biocoop Baradozig,7 Boulevard Charles de Gaulle,29480,FR
Coop,Biocoop L'Aubre,337 rue François Perrin,87000,FR
Coop,Biocoop L' Aubre,337 rue françois Perrin,87000,FR
Coop,Biocoop Oullins,98 Grande Rue,69600,FR
Coop,Biocoop,35 rue des perrieres,41350,FR
Coop,Biocoop - Paris 16ème ,12, avenue Raymond Poincaré,null,FR
Coop,Biocoop Europe,Place Daumier,29200,FR
Coop,Biocoop Kerbio Siam,7, rue Amiral Linois,29200,FR
Coop,Biocoop Abers Saint Renan,8 Rue des Entrepreneurs,29290,FR
Coop,Biocoop Prim'Vert Lesneven,8, croas ar rod,29260,FR
Coop,Biocoop Coccinelle,3 rue Marcelin Berthelot, ZA de Keriven,29600,FR
Coop,Biocoop Kastell Bio,45 avenue des Carmes,29250,FR
Coop,BIOCOOP CHAPEAU ROUGE,Chapeau Rouge,29000,FR
Coop,Biocoop Bellecour,11 place Bellecour,69002,FR
Aldi,Boucherie garibaldi ,453 rue garibaldi,76300,FR
U-express,U Express Briec,Rue de Kerhapp,29510,FR
Epicerie,L'Epicerie des Environs,18 rue Ramey,75018,FR
Epicerie,La Grande Epicerie Générale,61 rue Saint Nicolas,54000,FR
Epicerie,Epicerie Saveurs du soleil ,1 place du vieux marché,76000,FR
Epicerie,Chez Mère-Grand, l'Epicerie d'Antan,62 route de Darnétal, Villa Canaletto,,76230,FR
Epicerie,Epicerie Au grand air,place de la rotonde,35000,FR
Epicerie,Epicerie, fruits et légumes,1 Rue des Carouges, 77000 Vaux-le-Pénil,77000,FR
Epicerie,Epicerie Solidaire,6 rue Jules Guesde,null,FR
Epicerie,Epicerie BioDici,19, rue d'italie,13100,FR
Epicerie,Nonna Rosa Epicerie,3 Avenue de l'Hippodrome,69890,FR
Epicerie,Mood Epicerie Vrac,141 rue de Charonne,75011,FR
Epicerie,Epicerie Ô Divin,130 rue de Belleville,75020,FR
Epicerie,L'Epicerie Des Halles,place gabriel rambaud,69001,FR
Epicerie,L'Epicerie des Arts,8 place st michel,29300,FR
Bio-c-bon,Bio C Bon Versailles,28 rue du Maréchal Foch,78000,FR
Bio-c-bon,Bio C Bon Gambetta,11 Cours Gambetta,13100,FR
Bio-c-bon,Bio C Bon Belges,3 Avenue des Belges,13100,FR
Bio-c-bon,Bio C Bon Briand,25 Boulevard Aristide Briand,13100,FR
Bio-c-bon,Bio c' Bon Antony Briand,64-66 av Aristide Briand,92160,FR
Bio-c-bon,Bio c' Bon Bois-Colombes,2 bis, place Gabriel Péri,92270,FR
Bio-c-bon,Bio C Bon Albret,59 cours d’Albret,33000,FR
Bio-c-bon,Bio C Bon Victor Hugo,95 Cours Victor Hugo,33000,FR
Bio-c-bon,Bio c' Bon Boulogne Kermen,892 Rue Yves Kermen,92100,FR
Bio-c-bon,Bio C Bon Cabries,chemin de la Grande Campagne,13480,FR
Bio-c-bon,Bio C Bon Cannes,9 Place Vauban,06400,FR
Bio-c-bon,Bio c' Bon Clamart,2 rue Fontaine,92140,FR
Bio-c-bon,Bio c' Bon Garches,160 boulevard du Général De Gaulle,92380,FR
Bio-c-bon,Bio C Bon Grenoble,17-19 grande rue,38000,FR
Bio-c-bon,Bio c' Bon Issy les Moulineaux,17 rue Kléber,92130,FR
Bio-c-bon,Bio C Bon La Rochelle,4 avenue du Fief Rose,17000,FR
Bio-c-bon,Bio c' Bon Le Raincy,13 Avenue de la Résistance,93340,FR
Bio-c-bon,Bio c' Bon Les Lilas,56 Rue de Paris,93260,FR
Bio-c-bon,Bio c' Bon Pavillons-sous-Bois,58 Avenue Victor Hugo,93320,FR
Bio-c-bon,Bio c' Bon Levallois,64 Rue Rivay,92300,FR
Bio-c-bon,Bio C Bon Lille,36 rue Faidherbe,59000,FR
Bio-c-bon,Bio C Bon Julien,89 Cours Julien,13006,FR
Bio-c-bon,Bio C Bon Breteuil,43 Rue Breteuil,13006,FR
Bio-c-bon,Bio C Bon Mazargues,3-5 Avenue Mazargues,13008,FR
Bio-c-bon,Bio C Bon Mérignac,5 avenue Kennedy,33700,FR
Bio-c-bon,Bio c' Bon Meudon,8 Ter Rue Banes,92190,FR
Bio-c-bon,Bio c' Bon Montreuil Croix de Chavaux,8 Boulevard de Chanzy,93100,FR
Bio-c-bon,Bio c' Bon Montrouge République,47, rue Louis Rolland,92120,FR
Bio-c-bon,Bio c' Bon Pantin,30, rue Hoche,93450,FR
Bio-c-bon,Bio c' Bon Paris Réaumur,114 rue Réaumur,75002,FR
Bio-c-bon,Bio c' Bon Paris Turenne,103 rue de Turenne,75003,FR
Bio-c-bon,Bio c' Bon Paris Cerisaie,16 rue de la Cerisaie,75004,FR
Bio-c-bon,Bio c' Bon Paris Renard,26 rue du Renard,75004,FR
Bio-c-bon,Bio c' Bon Paris Vavin,31 rue Vavin,75006,FR
Bio-c-bon,Bio c' Bon Paris Bourgogne,43, rue de Bourgogne,75007,FR
Bio-c-bon,Bio c' Bon Paris - Saint Dominique,90 rue Saint Dominique,75007,FR
Bio-c-bon,Bio c' Bon Paris Bergère,37 rue Bergère,75009,FR
Bio-c-bon,Bio c' Bon Paris Pigalle,9 place Pigalle,75009,FR
Bio-c-bon,Bio c' Bon Paris Saint Martin,17, rue du Faubourg Saint Martin,75010,FR
Bio-c-bon,Bio c' Bon Paris Hauteville,63 rue Hauteville,75010,FR
Bio-c-bon,Bio c' Bon Paris Saint-Maur,142 rue Saint-Maur,75011,FR
Bio-c-bon,Bio c' Bon Paris Voltaire,189-191 boulevard Voltaire,75011,FR
Bio-c-bon,Bio c' Bon Paris Daumesnil,149 avenue Daumesnil,75012,FR
Bio-c-bon,Bio c' Bon Paris Picpus,43, Avenue de Saint Mandé,75012,FR
Bio-c-bon,Bio c' Bon Paris Ledru Rollin,85, avenue Ledru Rollin,75012,FR
Bio-c-bon,Bio c' Bon Paris Avenue d'Italie,116 avenue d'Italie,75013,FR
Bio-c-bon,Bio c' Bon Paris Glacière,25 ter rue de la Glacière,75013,FR
Bio-c-bon,Bio c' Bon Paris Alésia,119 rue d'Alésia,75014,FR
Bio-c-bon,Bio c' Bon Paris St Lambert,2 rue Saint-Lambert,75015,FR
Bio-c-bon,Bio c' Bon Paris Lecourbe,24 rue Lecourbe,75015,FR
Bio-c-bon,Bio c' Bon Paris Grenelle,70 boulevard de Grenelle,75015,FR
Bio-c-bon,Bio c' Bon Paris Balard,80 rue Balard,75015,FR
Bio-c-bon,Bio c' Bon Paris Félix Faure,88 avenue Félix Faure,75015,FR
Bio-c-bon,Bio c' Bon Paris Paul Doumer,90 avenue Paul Doumer,75016,FR
Bio-c-bon,Bio c' Bon Paris 16 St Didier,37 rue St Didier,75016,FR
Bio-c-bon,Bio c' Bon Paris Acacias,46 rue des Acacias,75017,FR
Bio-c-bon,Bio c' Bon Paris Ternes,79 avenue des Ternes,75017,FR
Bio-c-bon,Bio c' Bon Paris Championnet,229 rue Championnet,75018,FR
Bio-c-bon,Bio c' Bon Paris Poteau,60 rue du Poteau,75018,FR
Bio-c-bon,Bio c' Bon Paris Jaurès,124 avenue Jean Jaurès,75019,FR
Bio-c-bon,Bio c' Bon Paris - rue de Meaux,27 rue de Meaux,75019,FR
Bio-c-bon,Bio c' Bon Paris Pyrénées,341 rue des Pyrénées,75020,FR
Bio-c-bon,Bio c' Bon Paris Bagnolet,85 rue de Bagnolet,75020,FR
Bio-c-bon,Bio C Bon Pessac,3 Avenue Gustave Eiffel,33600,FR
Bio-c-bon,Bio c' Bon Paris - St Didier,Rue de Monthéty,77340,FR
Bio-c-bon,Bio c' Bon Puteaux,110 rue de la République,92800,FR
Bio-c-bon,Bio C Bon Rochefort,105 Avenue du 11 Novembre 1918,17300,FR
Bio-c-bon,Bio c' Bon Sèvres,72, Grande Rue,92310,FR
Bio-c-bon,Bio c' Bon Saint-Maur-des-Fossés,27, avenue de la République,94100,FR
Bio-c-bon,Bio c' Bon Vanves,20 Rue de la République,92170,FR
Bio-c-bon,Bio c' Bon Versailles,20-30 Rue du Maréchal Foch,78000,FR
Bio-c-bon,Bio c' Bon Vincennes,127 Rue Fontenay,94300,FR
Bio-c-bon,Bio c'bon,23 rue des freres lion,31000,FR
Bio-c-bon,Bio C' Bon,1 place de la victoire,66100,FR
Bio-c-bon,Bio C' Bon rue de Paradis,63 rue de Hauteville,75010,FR
Bio-c-bon,Bio'c'bon ,892 rue Yves Kermen,92100,FR
Metro,Comme trois Pommes,335 Chemin de l'Olagnier,26800,FR
Satoriz,Satoriz,1115 chemin de la Cassine,73200,FR
Satoriz,Satoriz,Espace Léman 2 4 bis boulevard du Pré Biollat,74200,FR
Satoriz,Satoriz,2136 route de Gémenos,13400,FR
Satoriz,Satoriz Tête d'Or,100 avenue du Général Leclerc,69300,FR
Satoriz,Satoriz,2577 avenue des Landiers,73000,FR
Satoriz,Satoriz,11 rue des Rosiéristes,69410,FR
Satoriz,Satoriz,15 avenue du Roussillon,63000,FR
Satoriz,Satoriz,rue des Laps ZC,51350,FR
Satoriz,Satoriz,441 rue Charles de Gaulle,38920,FR
Satoriz,Satoriz,12 rue des montagnes de lans,38130,FR
Satoriz,Satoriz,Aushopping Grand Epagny 99 avenue des Alpes,74330,FR
Satoriz,Satoriz,31 rue Voltaire,01210,FR
Satoriz,Satoriz,2 rue René Cassin ZAC de la Châtelaine,74240,FR
Satoriz,Satoriz,6 bis rue des Sayes ZC,38080,FR
Satoriz,Satoriz,ZAC Grand Angle Rue de la Tramontane,30133,FR
Satoriz,Satoriz,37 avenue Auguste Vérola,06000,FR
Satoriz,Satoriz,115 avenue des Français Libres,30000,FR
Satoriz,Satoriz,ZC du Fenouillet,34470,FR
Satoriz,Satoriz,quartier La Tuillère RN7,83480,FR
Satoriz,Satoriz,1894 avenue de Genève,74700,FR
Satoriz,Satoriz,ZAC des Platières 22 rue du 19 mars 1962,71000,FR
Satoriz,Satoriz,ZI départementale,38200,FR
Satoriz,Satoriz,5 rue Marc Charras,42000,FR
Satoriz,Satoriz,2 av gabriel péri,38400,FR
Satoriz,Satoriz,100 avenue de Grossumstadt,07130,FR
Satoriz,Satoriz,CC Val Thoiry Pré Fleuri,01710,FR
Satoriz,Satoriz,2791 chemin St Bernard – porte 19,06220,FR
Satoriz,Satoriz Vaulx-en-Velin,10 rue des Freres Lumière Lumière,69120,FR
Satoriz,Satoriz,rue Transversale B,67550,FR
Satoriz,Satoriz,76 avenue Denis Padovani ZAC du Liourat,13127,FR
Satoriz,Satoriz,ZI des Blanchisseries,38500,FR
Satoriz,Satoriz,13 route de Soultz,68270,FR
Satoriz,Satoriz Champagne au Mont d'Or,11 rue des Rosiéristes,69410,FR
Naturalia,Naturalia Versailles,88, rue de la Paroisse,78000,FR
Naturalia,Naturalia Le Chesnay,9 avenue dutartre,78150,FR
Naturalia,Naturalia Saint Maur Zola,22 Avenue Emile Zola,94100,FR
Naturalia,Naturalia,5 boulevard Dugommier,06600,FR
Naturalia,Naturalia,88 avenue Aristide Briand,92160,FR
Naturalia,Naturalia,12 impasse de Bondy,93600,FR
Naturalia,Naturalia,54 rue de la Bonneterie,84000,FR
Naturalia,Naturalia,85-89 rue des Bourguignons,92270,FR
Naturalia,Naturalia,CC Saint Christoly 17 rue du Père Jabrun,33000,FR
Naturalia,Naturalia,126 avenue Victor Hugo,92100,FR
Naturalia,Naturalia,19 place du Marché Forville,06400,FR
Naturalia,Naturalia,44 place Maurice Berteaux,78400,FR
Naturalia,Naturalia,1477 avenue Roger Salengro,92370,FR
Naturalia,Naturalia,74-76 rue Martre,92110,FR
Naturalia,Naturalia,7 place Maurice Chevany,92700,FR
Naturalia,Naturalia,CC 24 rue des 3 Barbeaux,60200,FR
Naturalia,Naturalia,71 rue Armand Silvestre,92400,FR
Naturalia,Naturalia,58 rue du Général De Gaulle,95880,FR
Naturalia,Naturalia,23 Grande Rue,77300,FR
Naturalia,Naturalia,3 rue Jean Jacques Rousseau,94120,FR
Naturalia,Naturalia,15 boulevard du Jeu de Ballon,06130,FR
Naturalia,Naturalia,CC Lacaserne de Bonne 48 boulevard Gambetta,38000,FR
Naturalia,Naturalia,ZAC du Rosenkronz,68125,FR
Naturalia,Naturalia,19 rue Girlenhirsch,67400,FR
Naturalia,Naturalia,19-21 boulevard Voltaire,92130,FR
Naturalia,Naturalia,CC Grand Val,95290,FR
Naturalia,Naturalia,73 boulevard de la République,92250,FR
Naturalia,Naturalia,14 avenue du Mesnil,94210,FR
Naturalia,Naturalia,42 route de la seigneurie,60260,FR
Naturalia,Naturalia,9 avenue du Tartre place du 18 juin,78150,FR
Naturalia,Naturalia,10 Bis Louise Michel,92300,FR
Naturalia,Naturalia Celestins,37 quai Saint Antoine,69002,FR
Naturalia,Naturalia Grolée,4-6 rue Grolée,69002,FR
Naturalia,Naturalia Vitton,27 cours Vitton,69006,FR
Naturalia,Naturalia Jean Jaures,18 AVENUE JEAN JAURES,69007,FR
Naturalia,Naturalia Bonnefoi,30 cours Gambetta,69007,FR
Naturalia,Naturalia,45-47 avenue Pierre Larousse,92240,FR
Naturalia,Naturalia,CC 21 route de Fréjus,06210,FR
Naturalia,Naturalia,140 Canebière,13001,FR
Naturalia,Naturalia,75 rue de la République,13002,FR
Naturalia,Naturalia,83 rue Lodi,13006,FR
Naturalia,Naturalia,336 avenue de Mazargues,13008,FR
Naturalia,Naturalia,27 avenue Félix Faure,06500,FR
Naturalia,Naturalia,CC St Jacques 11 Bis place du Forum Léon Blum,57000,FR
Naturalia,Naturalia,ZAC Port Marianne secteur Jacques Coeur,34000,FR
Naturalia,Naturalia,CC Grand Angle 15 rue des Lumières,93100,FR
Naturalia,Naturalia,9 place Mangin,54000,FR
Naturalia,Naturalia,9 Bis rue du Marché,92000,FR
Naturalia,Naturalia Nantes,23 allée d'Orléans,44000,FR
Naturalia,Naturalia,6 avenue Sainte Foy,92200,FR
Naturalia,Naturalia,null,null,null
Naturalia,Naturalia,68 Grande Rue Charles De Gaulle,94130,FR
Naturalia,Naturalia,1 rue de l’Expansion,67210,FR
Naturalia,Naturalia,11-13 rue Montorgueil,75001,FR
Naturalia,Naturalia,93 rue Réaumur,75002,FR
Naturalia,Naturalia,66 boulevard de Sébastopol,75003,FR
Naturalia,Naturalia,11 rue du Renard,75004,FR
Naturalia,Naturalia,36 rue Monge,75005,FR
Naturalia,Naturalia,116 boulevard Raspail,75006,FR
Naturalia,Naturalia,38 avenue de la Motte Picquet,75007,FR
Naturalia,Naturalia,21 boulevard des Batignolles,75008,FR
Naturalia,Naturalia,37 rue Lamartine,75009,FR
Naturalia,Naturalia,154 avenue Parmentier,75010,FR
Naturalia,Naturalia,108 boulevard Richar Lenoir,75011,FR
Naturalia,Naturalia,17 rue de Crozatier,75012,FR
Naturalia,Naturalia,13-15 rue Brillat Savarin,75013,FR
Naturalia,Naturalia,13 rue Brézin,75014,FR
Naturalia,Naturalia,222 rue de la Convention,75015,FR
Naturalia,Naturalia,25 rue des Sablons,75016,FR
Naturalia,Naturalia,107 Bis avenue de Saint Ouen,75017,FR
Naturalia,Naturalia,118 rue Caulaincourt,75018,FR
Naturalia,Naturalia,42 rue Manin,75019,FR
Naturalia,Naturalia,180 Bis rue des Pyrénées,75020,FR
Naturalia,Naturalia Jourdain,2 rue du Jourdain,75020,FR
Naturalia,Naturalia,2 place de la Défense CNIT niveau jardin,92800,FR
Naturalia,Naturalia,5 rue du Docteur Jacquin,51100,FR
Naturalia,Naturalia,17 rue de Maurepas,92500,FR
Naturalia,Naturalia,1 rue des Alpes,68390,FR
Naturalia,Naturalia,9 rue d’Adelshoffen,67300,FR
Naturalia,Naturalia,2 A rue Grenchen,67600,FR
Naturalia,Naturalia,64 boulevard de la République,92210,FR
Naturalia,Naturalia,33 rue de Poissy,78100,FR
Naturalia,Naturalia - Finkmatt,22 rue Finkmatt,67000,FR
Naturalia,Naturalia,2 Bis rue Diderot CC Bagatelle,92150,FR
Naturalia,Naturalia,24 rue Brûlée,57100,FR
Naturalia,Naturalia,419 boulevard Bazeilles,83000,FR
Naturalia,Naturalia,88-90 rue de la Paroisse,78000,FR
Naturalia,Naturalia,43 avenue de Paris,94300,FR
Naturalia,Naturalia,221 route de Rouffach,68920,FR
Naturalia,Naturalia blanche,43 Boulevard de Clichy,75009,FR
Naturalia,Naturalia - Rosny Sous Bois,26 rue Général Gallieni,93110,FR
Naturalia,Naturalia Boulogne,126 avenue Victor Hugo,92100,FR
Naturalia,Naturalia - Austerlitz,3 rue d'Austerlitz,67000,FR
Naturalia,Naturalia - Marché aux grains,8, rue du vieux marché aux grains,67000,FR
Naturalia,Naturalia - Rotterdam,3 rue de rotterdam,67000,FR
Naturalia,Naturalia - Victoire,37 bld de la Victoire,67000,FR
Naturalia,Naturalia Pantin,126 avenue Jean Lolive,93500,FR
Naturalia,Naturalia Pré Saint Gervais,rue André Joineau,93310,FR
Botanic,Botanic,5-7 prè de la Danse,74940,FR
Botanic,Botanic,ZAC Les Bréandes Perrigny,89000,FR
Botanic,Botanic,ZC du Pont Long,04400,FR
Botanic,Botanic,PAE du Champ Madame,63110,FR
Botanic,Botanic,rue Denis Diderot ZAC du Grand Noble,31700,FR
Botanic,Botanic,chemin de la Norville ZAC de la Maison Neuve,91220,FR
Botanic,Botanic,CC Polygone Riviera 119 avenue des Alpes,06800,FR
Botanic,Botanic,CC Maisonément RD 306,77240,FR
Botanic,Botanic,SAS A La Semeuse RN 43,08000,FR
Botanic,Botanic,lieu-dit Le Fesquet,34830,FR
Botanic,Botanic,route de Langres RD 903,21000,FR
Botanic,Botanic,66 avenue Paul Santy,69130,FR
Botanic,Botanic,9 avenue des Terres Saint Jean ZAC des Terres Saint Jean,88000,FR
Botanic,Botanic,3 rue de l’Artisanat,67640,FR
Botanic,Botanic,ZAC Euromoselle La Mâche rue de Fèves,57280,FR
Botanic,Botanic,63 avenue du Châter,69340,FR
Botanic,Botanic,35 rue René Cassin parc de la Châtelaine,74240,FR
Botanic,Botanic,3 rue du Plan,05000,FR
Botanic,Botanic,lotissement le Grand Prè,73200,FR
Botanic,Botanic,route du Rhin ZC HaguenO² zone Cora Taubenhof,67500,FR
Botanic,Botanic,1 rue de Vandoeuvre,54180,FR
Botanic,Botanic,rue de Sayes lieu-dit Les Sayes,38080,FR
Botanic,Botanic,rue Saint Exupéry La Gouyonnière,42480,FR
Botanic,Botanic,135 rue Pierre et Marie Curie,73490,FR
Botanic,Botanic,rue Lisbonne ZAC des Playes Jean Monnet,83500,FR
Botanic,Botanic,rue de la Comédie,31670,FR
Botanic,Botanic,3 rue des Frênes ZAC de la Pointe,72000,FR
Botanic,Botanic,allée de Vire Abeille lieu-dit Saint Tronquet,84130,FR
Botanic,Botanic,La Pioline N°29 RD 9,13290,FR
Botanic,Botanic,243 rue Nicéphore Niepce ZI Sud Jacquard,71000,FR
Botanic,Botanic,route de la Voix quartier Bouteille,04100,FR
Botanic,Botanic,parc des Longeray,74370,FR
Botanic,Botanic,1063 route de la Doux PA du Prè Millet,38330,FR
Botanic,Botanic,999 chemin des Gourettes,06370,FR
Botanic,Botanic,65 rue du Frioul ZAC de la Mer Rouge,68100,FR
Botanic,Botanic,route de Fourchambault,58000,FR
Botanic,Botanic,rue du Commerce ZA Économiques Sud,67210,FR
Botanic,Botanic,rue de la Fosse Bénate,45000,FR
Botanic,Botanic,rue Louis Delage Espace Polygone Nord,66000,FR
Botanic,Botanic,ZAC du Pontillaut lieu-dit Les Berchères,77340,FR
Botanic,Botanic,3 rue du Commerce,21800,FR
Botanic,Botanic,66 avenue de Colmar,92500,FR
Botanic,Botanic,ZC Careefour 1683 avenue de Genève,74700,FR
Botanic,Botanic,8 rue de la Cenpa,67590,FR
Botanic,Botanic,77 boumevard Costa De Beauregard,74600,FR
Botanic,Botanic,rue du Docteur Schweutzer ZAC Pont de Rondeau,38180,FR
Botanic,Botanic,ZA du Val de Durance,04200,FR
Botanic,Botanic,rue Jules Vernes ZAC du Tissot,42530,FR
Botanic,Botanic,197 rue du Mont Blanc zone de l’Allondon,01630,FR
Botanic,Botanic,parc d’activité La Peyrière,34430,FR
Botanic,Botanic,ZAC des Etangs,13920,FR
Botanic,Botanic,51 ancienne route de Grenoble,69800,FR
Botanic,Botanic,RD 25 118 route du Plan de la Tour,83120,FR
Botanic,Botanic,1 route d’Oberhausbergen,67000,FR
Botanic,Botanic,26 quai du Général Gallieni,92150,FR
Botanic,Botanic,17 avenue des Près Verts,74200,FR
Botanic,Botanic,route de Romans Le Chantre,26000,FR
Botanic,Botanic,32 route de Paris,58640,FR
Botanic,Botanic,1 rond point de la Gare,13770,FR
Botanic,Botanic,14 rue des Biches,74100,FR
Botanic,Botanic,Lotissement Les Mercières,10410,FR
Botanic,Botanic,rue André Desthieux ZAC du Garet,69400,FR
Botanic,Botanic,quartier des Sablayes ZAC Raphaël Garcin,30400,FR
Botanic,Botanic,125 boulevard de Stalingrad,69100,FR
Botanic,Botanic,12 rue Gérad Toulon ZAC du Liourat,13127,FR
Botanic,Botanic,PA Ecovert route de Vrigne Meuse,08440,FR
Biomonde,Biomonde LOQO,quartier de la Joliette 12 rue des Docks,13100,FR
Biomonde,Biomonde Logic-Bio 81,8 boulevard Maréchal Lannes,81000,FR
Biomonde,Biomonde Rayons Verts,14 rue Saint Patrice,80000,FR
Biomonde,Biomonde et Clic’n Bio Naturine,21 rue des Prés,90400,FR
Biomonde,Biomonde Luberon Bio,266 avenue de Roumanille ZI des Bourguignons,84400,FR
Biomonde,Biomonde Bio Comices,14 chemin de Palau,66700,FR
Biomonde,Biomonde Terrabio,rue de la Sardonne ZA Moulon Ponson,07200,FR
Biomonde,Biomonde Ethiquète,15 rue des Fusillés,23200,FR
Biomonde,Biomonde,27 rue du Bois d’Orly,57685,FR
Biomonde,Biomonde Moravn Bio,14 route de Château Chinon,71400,FR
Biomonde,Biomonde Bio clair,29 rue du Four,55000,FR
Biomonde,Biomonde L’épicier Bio,14 rue Raoul Perpère,64100,FR
Biomonde,Biomonde,35 avenue Jean Monnet,30300,FR
Biomonde,Biomonde L’épicerie Bio Des Tourelles,22 rue Courtanesse,91790,FR
Biomonde,Biomonde L’Archamb’bio,rue du Lieutenant Colonel Dubost,03160,FR
Biomonde,Biomonde Ecrin Bio,29 rue Viennois,38520,FR
Biomonde,Biomonde Biophare,24 rue du 23è RI,01000,FR
Biomonde,Biomonde L’eau Vive,153 Grande Rue,73700,FR
Biomonde,Biomonde Vitalform,36 boulevard Voltaire,19100,FR
Biomonde,Biomonde Bio Vital,ZA Teinchurier,19100,FR
Biomonde,Biomonde Coco Bio,30 route de Coubon,43700,FR
Biomonde,Biomonde Coquelibio,41 avenue Général De Gaulle,35170,FR
Biomonde,Biomonde Biodiet La Pause Bio,ZA Les 2 Pins 4 rue des Résiniers,40130,FR
Biomonde,Biomonde Super Eco Bio,22 rue jean Bories,81100,FR
Biomonde,Biomonde Le Sarment,215 avenue Charles Delaye,84300,FR
Biomonde,Biomonde Océan,186 rue Carnot,85300,FR
Biomonde,Biomonde Cham Bio,7 place Edmond Desailloud,74400,FR
Biomonde,Biomonde,12 route de Saint Pourçain,03110,FR
Biomonde,Biomonde Nature Marché,19 rue Saint Nicolas,35410,FR
Biomonde,Biomonde Mieux Vivre,5 avenue Victor Hugo,13160,FR
Biomonde,Biomonde Bio-Logique,CC de l’Astrée avenue du Génréal De Gaulle,49120,FR
Biomonde,Biomonde Biolavie,6 avenue Aristide Briand,50100,FR
Biomonde,Biomonde,place Marcel Gontier,34800,FR
Biomonde,Biomonde Coco Bio,3 rue des Cyprès,43100,FR
Biomonde,Biomonde Bio Nature,69 avenue Marceau,92400,FR
Biomonde,Biomonde L’étincelle,10 cours Verdun,26400,FR
Biomonde,Biomonde,1351 route de Lyon,07430,FR
Biomonde,Biomonde et Clic’n Bio d’Acqs,25 avenue du Sablar,40100,FR
Biomonde,Biomonde Marjolaine,6 rue du Jeu de Paume,04000,FR
Biomonde,Biomonde Bio Convi’,1 rue de Maupertuis,03410,FR
Biomonde,Biomonde Terre De Ma’Lice,361 avenue de la Gare,03290,FR
Biomonde,Biomonde Ys Et Bio,16 avenue de la Gare,29100,FR
Biomonde,Biomonde,10 rue de Bazaine zone de la Voivre,88000,FR
Biomonde,Biomonde Ma Vie En Bio,CC Art De Vivre,95610,FR
Biomonde,Biomonde La Fontaine Bio,64 avenue du Général De Gaulle,02400,FR
Biomonde,Biomonde Mon Côté Bio,10 place Clémenceau,27000,FR
Biomonde,Biomonde Au Sens Bio,1 avenue Georges Pompidou,46100,FR
Biomonde,Biomonde La Grande Ferme,26 rue de la Salle,91540,FR
Biomonde,Biomonde La Halle Paysanne,CC Les 3 Routes,04300,FR
Biomonde,Biomonde,81 chaussée Jules César,95130,FR
Biomonde,Biomonde Sainbio’z,79 avenue d’Embrun,05000,FR
Biomonde,Biomonde L’ail Des Ours,14 A rue Lamartine,69740,FR
Biomonde,Biomonde,81 boulevard de la Jamagne,88400,FR
Biomonde,Biomonde La Menthe Poivrée,1 rue Alphonse Pécard,91190,FR
Biomonde,Biomonde La Menthe Poivrée,ZA du Haut Des Vignes,91940,FR
Biomonde,Biomonde Espace Bio Nature,ZAC Gray Sud rue Picard,70100,FR
Biomonde,Biomonde,route de Queyras,05600,FR
Biomonde,Biomonde Bio De Guip,12 rue de la Vallée,29490,FR
Biomonde,Biomonde Biodôme,ZI 36 rue des Landes,68220,FR
Biomonde,Biomonde L’escale Bio « Fraicheur Gourmande »,4 rue des Garennes,78550,FR
Biomonde,Biomonde Bionature,22 avenue Gallieni,94340,FR
Biomonde,Biomonde L’échoppe Bio,route de la Valgorge,07260,FR
Biomonde,Biomonde Nature Et Conseils,17 Bis rue Martel,95290,FR
Biomonde,Biomonde L’isle Verte,291 A route de Carpentras,84800,FR
Biomonde,Biomonde Paranatura,37 route de Bessières,31240,FR
Biomonde,Biomonde Votre Épicerie Bio,18 route de Ligny,45240,FR
Biomonde,Biomonde,10 rue de Quatrefages,17000,FR
Biomonde,Biomonde Breizh Bio,2 rue Kerhoas,56260,FR
Biomonde,Biomonde Halles Terre Native,place des Halles,29400,FR
Biomonde,Biomonde L’épicerie,6 place de la Fontaine,05300,FR
Biomonde,Biomonde,34 avenue Gabriel Péri,81500,FR
Biomonde,Biomonde La Grange Bio,chemin de Causserène,83340,FR
Biomonde,Biomonde,avenue de Montvaltin,71200,FR
Biomonde,Biomonde Rayons Verts Le Havre,101 rue Renée Coty,76600,FR
Biomonde,Biomonde Distribio,41 place d’Alger,72000,FR
Biomonde,Biomonde Yuki-Bio,rue de Cornon,44510,FR
Biomonde,Biomonde Du Bio Sur Ta Route,22 rue de Ribosi,31490,FR
Biomonde,Biomonde Helichryse,29 rue de La Rochelle,63370,FR
Biomonde,Biomonde Dame Bio,9 rue de Paris,62300,FR
Biomonde,Biomonde Le Bio En Herb’,9 place des Droits de l’Homme,85500,FR
Biomonde,Biomonde,2 avenue Francis Vals,11370,FR
Biomonde,Biomonde Bio Libourne,22 rue Michel Montaigne,33500,FR
Biomonde,Biomonde Rayons Verts,11 rue Clouet,87000,FR
Biomonde,Biomonde Les Têtes Vertes,83-85 avenue de la République,94700,FR
Biomonde,Biomonde La Fontaine Bio,56 rue de la République,47200,FR
Biomonde,Biomonde Dome n Bio,60 avenue de Saint Just,13004,FR
Biomonde,Biomonde Vertumne,24 rue des Trois Frères Barthèlémy,13006,FR
Biomonde,Biomonde Bioveyre,17 rue Musso,13008,FR
Biomonde,Biomonde La Fée Bio,14 Bis rue du Pont Brulé,22550,FR
Biomonde,Biomonde Label Nature,18 place des Ormes,40200,FR
Biomonde,Biomonde La Belle Verte,1 cours du Docteur Chabaud,09500,FR
Biomonde,Biomonde Culture Bio,133-135 rue de la Coudraie,71300,FR
Biomonde,Biomonde Mont’Bio,avenue Jean Jaurès,73800,FR
Biomonde,Biomonde Cannelle Citron,26 place du Maréchal Leclerc,86500,FR
Biomonde,Biomonde,28 avenue Georges Clémenceau,34000,FR
Biomonde,Biomonde L’ABeille,16 avenue Jean Jaurès,77250,FR
Biomonde,Biomonde Le Lotus Bio,2 rue Montel,69440,FR
Biomonde,Biomonde Bio A Mougins,118 chemin de Carimaï,06250,FR
Biomonde,Biomonde Fleuron Bio,1 rue du Marché Commun,44000,FR
Biomonde,Biomonde Biojust,23-25 rue du Pont,92200,FR
Biomonde,Biomonde Biobulle Azur,59 boulevard Général Louis Delfino,06000,FR
Biomonde,Biomonde Saint Hubert,B.P. 14240 Magenta,98800,NC
Biomonde,Biomonde Michel Ange,A avenue Michel Ange,98800,NC
Biomonde,Biomonde Rayons Verts,22 place B. Labarre,60400,FR
Biomonde,Biomonde Bionature,213 avenue de Versailles,75016,FR
Biomonde,Biomonde Puity Fort,71 avenue de Clichy,75017,FR
Biomonde,Biomonde Bio Et Bien Être,11 rue de Bordeu,64000,FR
Biomonde,Biomonde Pardis Bio,route de la Tour d’Aigues,84120,FR
Biomonde,Biomonde Bio Dore,2 route de Clermont,63920,FR
Biomonde,Biomonde Un Coin Nature,1 allée Maxenu ZC Le Pré Saint Julien,51530,FR
Biomonde,Biomonde Bio Nature,11 rue Amiral Gourdon,45300,FR
Biomonde,Biomonde Le Mille Feuilles,Le Cordestieux,24580,FR
Biomonde,Biomonde Cap’ Vitalité,rue du Général Leclerc,67115,FR
Biomonde,Biomonde Le Chemin Bio,rue Jean Monnet Zones des Terres Jarries,44210,FR
Biomonde,Biomonde,avenue Marc Seguin,07000,FR
Biomonde,Biomonde Bio Fréquence,284 rue des Fourches Amphion Les Bains,74500,FR
Biomonde,Biomonde Bio just,63-65 rue Eugène Eichenberger,92800,FR
Biomonde,Biomonde Terre Mère,ZA Marides avenue de Marides,1150